State,Profession,Avg_Score
Alabama,  Wind turbine service technicians,43.850523297496615
Alabama,  Nurse practitioners,29.557327237392794
Alabama,  Data scientists,25.327969676764415
Alabama,  Speech-language pathologists,15.071293131649865
Alabama,  Software developers,12.55211133501144
Alabama,  Medical and health services managers,12.029282866502998
Alabama,  Data entry keyers,11.271567907287547
Alabama,  Physical therapist assistants,11.250797451901343
Alabama,"  Substance abuse, behavioral disorder, and mental health counselors",11.1565411630221
Alabama,  Financial examiners,10.93773061389964
Alaska,  Information security analysts,31.337398581539805
Alaska,  Wind turbine service technicians,27.359690980172957
Alaska,  Nurse practitioners,26.33432788886861
Alaska,  Data scientists,22.51196344111493
Alaska,  Computer and information research scientists,21.623622610384988
Alaska,  Medical and health services managers,19.83655661824244
Alaska,  Physician assistants,16.013344755096306
Alaska,  Veterinarians,12.920360506407306
Alaska,  Software developers,12.697360269270694
Alaska,  Operations research analysts,12.58911073590915
Arizona,  Nurse practitioners,23.323545976059005
Arizona,  Data scientists,22.0976033859524
Arizona,  Information security analysts,19.79158212978599
Arizona,  Medical and health services managers,14.708450513056128
Arizona,  Solar photovoltaic installers,14.571783962920831
Arizona,  Wind turbine service technicians,12.50290692318304
Arizona,  Personal financial advisors,12.461719168782645
Arizona,  Financial examiners,11.878376277276816
Arizona,  Physician assistants,11.823841501843006
Arizona,  Software developers,11.520829365196873
Arkansas,  Nurse practitioners,22.057177912820645
Arkansas,  Medical equipment repairers,12.741508103165115
Arkansas,  Medical and health services managers,12.044972343492768
Arkansas,  Wind turbine service technicians,11.564155809499766
Arkansas,  Home health and personal care aides,10.783783388651266
Arkansas,  Computer and information systems managers,10.607114096290681
Arkansas,  Operations research analysts,10.576796535864476
Arkansas,  Industrial machinery mechanics,8.77626896039177
Arkansas,  Psychiatric technicians,8.066624306340398
Arkansas,  Information security analysts,7.933703005278821
California,  Solar photovoltaic installers,23.47494953757049
California,  Nurse practitioners,18.039004836598785
California,  Home health and personal care aides,12.035352776433804
California,  Medical and health services managers,11.544120417802509
California,  Data scientists,9.372566006076907
California,"  Substance abuse, behavioral disorder, and mental health counselors",8.908803824487368
California,  Information security analysts,8.868588704225218
California,  Physician assistants,8.86325803588855
California,  Software developers,8.139599772323491
California,  Operations research analysts,8.124593056373113
Colorado,  Nurse practitioners,21.46998859444091
Colorado,  Data scientists,20.237726825968732
Colorado,  Medical and health services managers,12.71601143194651
Colorado,  Word processors and typists,11.828240003143117
Colorado,  Solar photovoltaic installers,11.324007884821116
Colorado,"  Substance abuse, behavioral disorder, and mental health counselors",10.522085759860193
Colorado,  Massage therapists,10.28846340369926
Colorado,  Industrial machinery mechanics,9.01344292238538
Colorado,  Home health and personal care aides,8.782731671178162
Colorado,  Software developers,7.818812575866254
Connecticut,  Data scientists,17.061144333735637
Connecticut,  Solar photovoltaic installers,14.34629131301218
Connecticut,  Medical and health services managers,13.94635626965119
Connecticut,  Industrial machinery mechanics,9.305069883026698
Connecticut,  Operations research analysts,9.082361175864428
Connecticut,  Home health and personal care aides,9.016189633155003
Connecticut,  Computer and information systems managers,8.300071531849877
Connecticut,  Nurse practitioners,7.898955132398222
Connecticut,  Information security analysts,7.637738912390957
Connecticut,"  Substance abuse, behavioral disorder, and mental health counselors",7.616943109428687
Delaware,  Nurse practitioners,27.530782184110624
Delaware,  Wind turbine service technicians,23.884423297513468
Delaware,  Solar photovoltaic installers,23.392629407172752
Delaware,  Data scientists,22.28478010065795
Delaware,  Computer and information research scientists,19.797679903899187
Delaware,  Physician assistants,15.739331986731878
Delaware,  Medical and health services managers,15.495215446226469
Delaware,  Computer and information systems managers,10.870391928487342
Delaware,"  Substance abuse, behavioral disorder, and mental health counselors",10.747667312380164
Delaware,  Occupational therapy assistants,10.452261775383851
District of Columbia,  Nurse practitioners,19.99101131673039
District of Columbia,  Occupational therapy assistants,16.754926653702167
District of Columbia,  Data scientists,15.4642765217749
District of Columbia,  Wind turbine service technicians,15.291463429472644
District of Columbia,  Medical and health services managers,12.322167648195668
District of Columbia,  Information security analysts,12.265960459137107
District of Columbia,  Epidemiologists,11.375486119747555
District of Columbia,  Solar photovoltaic installers,10.890533417567859
District of Columbia,  Industrial machinery mechanics,9.466507159091082
District of Columbia,"  Substance abuse, behavioral disorder, and mental health counselors",9.295987788034559
Florida,  Nurse practitioners,25.263449671561414
Florida,  Solar photovoltaic installers,18.1146190496388
Florida,  Medical and health services managers,14.002213196501762
Florida,  Computer and information research scientists,13.492822865739436
Florida,  Data scientists,13.392316234209419
Florida,"  Health specialties teachers, postsecondary",10.547679402253232
Florida,  Computer and information systems managers,10.12367709008407
Florida,"  Substance abuse, behavioral disorder, and mental health counselors",9.866468970156337
Florida,  Industrial machinery mechanics,9.511304995076678
Florida,  Software developers,8.850033286772634
Georgia,  Nurse practitioners,28.55262865321588
Georgia,  Wind turbine service technicians,21.49513604475436
Georgia,  Data scientists,18.112890471358153
Georgia,  Information security analysts,16.76730821468069
Georgia,  Home health and personal care aides,14.809183112758364
Georgia,  Medical and health services managers,14.099892902786516
Georgia,  Computer and information research scientists,8.808818359638838
Georgia,  Software developers,8.687004935484431
Georgia,  Computer and information systems managers,8.486636600446934
Georgia,  Industrial machinery mechanics,8.2054302763594
Hawaii,  Nurse practitioners,22.91606157446826
Hawaii,  Solar photovoltaic installers,16.820624229357268
Hawaii,  Data scientists,15.137817142995774
Hawaii,  Medical and health services managers,12.601796053117525
Hawaii,"  Substance abuse, behavioral disorder, and mental health counselors",11.856248300974118
Hawaii,  Veterinary assistants and laboratory animal caretakers,10.994681573848311
Hawaii,  Industrial machinery mechanics,10.060023237607302
Hawaii,  Computer and information systems managers,9.709461136270404
Hawaii,  Epidemiologists,9.370827151267246
Hawaii,  Medical equipment repairers,9.1871005258242
Idaho,  Nurse practitioners,25.63038416323901
Idaho,  Data scientists,24.69649329423034
Idaho,  Information security analysts,15.645860414034006
Idaho,  Medical and health services managers,15.240218674548736
Idaho,  Financial managers,12.822140554657167
Idaho,  Software developers,11.16862739754473
Idaho,  Solar photovoltaic installers,10.622808533043782
Idaho,  Wind turbine service technicians,9.681646315262823
Idaho,  Home health and personal care aides,9.146868317236441
Idaho,  Veterinary technologists and technicians,8.844892271789492
Illinois,  Nurse practitioners,22.24826712116118
Illinois,  Medical and health services managers,16.386324850772475
Illinois,  Data scientists,13.85279572854848
Illinois,  Information security analysts,10.640907336591289
Illinois,  Computer and information systems managers,9.206100402452563
Illinois,  Industrial machinery mechanics,8.9496958491374
Illinois,"  Substance abuse, behavioral disorder, and mental health counselors",8.773841710480392
Illinois,  Software developers,8.69334897261155
Illinois,  Massage therapists,8.28354911856008
Illinois,"  Cooks, restaurant",7.447021843172553
Indiana,  Nurse practitioners,25.55401562052144
Indiana,  Information security analysts,25.415421661427626
Indiana,  Data scientists,19.5230716645132
Indiana,  Medical and health services managers,17.17040151342031
Indiana,  Speech-language pathologists,12.69659081752558
Indiana,  Physical therapist assistants,11.577345578012276
Indiana,  Actuaries,10.646226093092233
Indiana,"  Substance abuse, behavioral disorder, and mental health counselors",10.2905996974996
Indiana,  Computer and information research scientists,9.4448464791459
Indiana,  Operations research analysts,9.436818769513623
Iowa,  Wind turbine service technicians,19.14007083368787
Iowa,  Nurse practitioners,18.88701484909684
Iowa,  Data scientists,18.7313689819767
Iowa,  Occupational therapy assistants,16.546302929479165
Iowa,  Solar photovoltaic installers,14.685235824557102
Iowa,  Medical and health services managers,12.873161842887805
Iowa,  Actuaries,8.677152161520864
Iowa,  Epidemiologists,8.132078756015092
Iowa,  Computer and information systems managers,7.869577615379051
Iowa,  Veterinary assistants and laboratory animal caretakers,7.502503537934875
Kansas,  Nurse practitioners,23.93650103777323
Kansas,  Solar photovoltaic installers,17.754795946553596
Kansas,  Data scientists,16.957301247878746
Kansas,  Occupational therapy assistants,11.667940626930928
Kansas,  Operations research analysts,11.346779779996865
Kansas,"  Nursing instructors and teachers, postsecondary",10.86079643227365
Kansas,  Home health and personal care aides,10.423712796863752
Kansas,  Financial managers,10.042421438019913
Kansas,  Medical and health services managers,9.747543210518051
Kansas,  Information security analysts,9.270435570465938
Kentucky,  Wind turbine service technicians,31.569988572945647
Kentucky,  Data scientists,19.541189618183882
Kentucky,  Nurse practitioners,19.269251064598677
Kentucky,  Medical and health services managers,18.37506468075588
Kentucky,  Physician assistants,17.39301507379899
Kentucky,  Operations research analysts,16.96636910835916
Kentucky,"  Substance abuse, behavioral disorder, and mental health counselors",12.470518312206735
Kentucky,  Solar photovoltaic installers,12.305945979597416
Kentucky,"  Health specialties teachers, postsecondary",11.727429474294851
Kentucky,  Information security analysts,11.562132915077528
Louisiana,  Wind turbine service technicians,26.49490887783438
Louisiana,  Nurse practitioners,22.479090214188957
Louisiana,  Solar photovoltaic installers,16.408205861226623
Louisiana,  Medical and health services managers,16.31168511221134
Louisiana,  Actuaries,14.689450034052065
Louisiana,  Veterinary technologists and technicians,13.326086930964523
Louisiana,  Data scientists,11.997326735764046
Louisiana,"  Substance abuse, behavioral disorder, and mental health counselors",11.503035825948741
Louisiana,  Computer and information systems managers,10.852006334327697
Louisiana,  Psychiatric technicians,9.846883556240451
Maine,  Nurse practitioners,19.996619228311175
Maine,  Data scientists,15.495558097270555
Maine,  Medical and health services managers,14.249939993014879
Maine,  Wind turbine service technicians,13.849573846669907
Maine,  Home health and personal care aides,12.689969877988714
Maine,  Speech-language pathologists,11.327113330736964
Maine,  Industrial machinery mechanics,10.22505007802487
Maine,  Solar photovoltaic installers,10.14536800862801
Maine,  Computer and information systems managers,9.684786331281932
Maine,  Software developers,9.455992606268742
Maryland,  Wind turbine service technicians,25.008886926848323
Maryland,  Data scientists,21.782319977768765
Maryland,  Nurse practitioners,19.810151936860244
Maryland,  Information security analysts,15.241291520755341
Maryland,  Epidemiologists,14.983781783506343
Maryland,  Veterinary technologists and technicians,14.905512292878797
Maryland,"  Nursing instructors and teachers, postsecondary",14.64212758867199
Maryland,  Home health and personal care aides,14.06999379974481
Maryland,  Solar photovoltaic installers,13.142652324534609
Maryland,  Logisticians,12.03510309117103
Massachusetts,  Nurse practitioners,21.084322880888124
Massachusetts,  Data scientists,19.00414772679943
Massachusetts,  Medical and health services managers,14.313838311469311
Massachusetts,  Physical therapist assistants,13.646165146865016
Massachusetts,  Operations research analysts,11.228310711129899
Massachusetts,  Solar photovoltaic installers,8.926515613734713
Massachusetts,  Wind turbine service technicians,8.473563488661119
Massachusetts,"  Substance abuse, behavioral disorder, and mental health counselors",6.814587084251646
Massachusetts,  Home health and personal care aides,6.425533482184484
Massachusetts,  Computer and information systems managers,5.819244479997034
Michigan,  Wind turbine service technicians,27.609866799964085
Michigan,  Solar photovoltaic installers,21.845364788666846
Michigan,  Information security analysts,16.19854163772291
Michigan,  Physical therapist assistants,15.401094887745517
Michigan,  Medical and health services managers,14.638044920707623
Michigan,  Nurse practitioners,13.597798191392142
Michigan,  Physician assistants,13.07397406838812
Michigan,  Data scientists,12.60748141685521
Michigan,  Software developers,12.361015805804348
Michigan,  Logisticians,11.859529017675458
Minnesota,  Wind turbine service technicians,23.605649568091465
Minnesota,  Nurse practitioners,23.593070038742763
Minnesota,  Data scientists,18.044676871884864
Minnesota,  Medical and health services managers,13.540872268752976
Minnesota,"  Substance abuse, behavioral disorder, and mental health counselors",11.881375934552738
Minnesota,  Solar photovoltaic installers,11.594659399460483
Minnesota,  Industrial machinery mechanics,10.648778068044868
Minnesota,  Occupational therapy assistants,8.458773713902904
Minnesota,  Software developers,8.04415961168327
Minnesota,  Information security analysts,7.147956699063852
Mississippi,  Solar photovoltaic installers,27.816607994900668
Mississippi,  Nurse practitioners,23.777132972428145
Mississippi,  Data scientists,21.967921779924676
Mississippi,  Physician assistants,21.861509572933326
Mississippi,  Home health and personal care aides,13.968648384883378
Mississippi,  Medical and health services managers,13.49805512674896
Mississippi,  Wind turbine service technicians,10.749116330453937
Mississippi,"  Cooks, restaurant",10.4972116342173
Mississippi,  Computer and information systems managers,9.647000137056223
Mississippi,  Physical therapist assistants,9.365932874273291
Missouri,  Nurse practitioners,21.54153527399822
Missouri,  Data scientists,12.11274166647196
Missouri,  Information security analysts,11.917504289331871
Missouri,  Medical and health services managers,11.424700549914723
Missouri,  Industrial machinery mechanics,8.515884461367724
Missouri,"  Substance abuse, behavioral disorder, and mental health counselors",8.435968812180294
Missouri,  Home health and personal care aides,8.34203156765959
Missouri,  Operations research analysts,8.326337841836237
Missouri,"  Nursing instructors and teachers, postsecondary",7.528786750801174
Missouri,  Massage therapists,7.34142940297865
Montana,  Data scientists,27.713403257356372
Montana,  Nurse practitioners,26.410053700823806
Montana,  Solar photovoltaic installers,17.65774620290932
Montana,  Medical and health services managers,15.565983170838543
Montana,"  Substance abuse, behavioral disorder, and mental health counselors",14.211870044715866
Montana,  Physician assistants,13.540088201501787
Montana,  Wind turbine service technicians,13.326858325820472
Montana,  Information security analysts,11.518399938123045
Montana,  Industrial machinery mechanics,10.781641850373498
Montana,  Computer and information systems managers,10.078384545819947
Nebraska,  Nurse practitioners,21.30245309154334
Nebraska,  Information security analysts,17.505744837483324
Nebraska,  Data scientists,14.926991742414584
Nebraska,  Solar photovoltaic installers,13.421476020926583
Nebraska,  Medical and health services managers,12.009479191653739
Nebraska,"  Cooks, restaurant",11.129280182720763
Nebraska,  Home health and personal care aides,10.623382910370076
Nebraska,  Wind turbine service technicians,10.438460784673984
Nebraska,"  Nursing instructors and teachers, postsecondary",10.12306610519928
Nebraska,  Financial managers,10.11879293110149
Nevada,  Nurse practitioners,21.64305418099759
Nevada,  Data scientists,21.200525850605576
Nevada,  Medical and health services managers,15.911243806134374
Nevada,  Wind turbine service technicians,15.675027723877589
Nevada,  Home health and personal care aides,12.156940158351892
Nevada,"  Substance abuse, behavioral disorder, and mental health counselors",11.868521345914099
Nevada,  Personal financial advisors,11.843344222911538
Nevada,  Industrial machinery mechanics,10.468032602396933
Nevada,  Psychiatric technicians,10.006780778378111
Nevada,  Medical equipment repairers,9.599128000505077
New Hampshire,  Data scientists,26.09405017966027
New Hampshire,  Medical and health services managers,18.847715902098575
New Hampshire,  Nurse practitioners,18.81873243180438
New Hampshire,"  Substance abuse, behavioral disorder, and mental health counselors",13.325006627102567
New Hampshire,  Industrial machinery mechanics,12.733209135973278
New Hampshire,  Home health and personal care aides,12.647294626256603
New Hampshire,"  Cooks, restaurant",10.420912778978815
New Hampshire,  Computer and information systems managers,9.85441361931534
New Hampshire,  Veterinarians,9.763272881179702
New Hampshire,  Financial examiners,9.440605825925475
New Jersey,  Wind turbine service technicians,32.647365120180936
New Jersey,  Data scientists,21.05488817346652
New Jersey,  Nurse practitioners,17.324505446022687
New Jersey,  Solar photovoltaic installers,16.86525758508625
New Jersey,  Actuaries,16.47529882498601
New Jersey,  Physician assistants,13.8934675478148
New Jersey,  Medical and health services managers,13.605871156802452
New Jersey,  Speech-language pathologists,13.371493505468202
New Jersey,  Operations research analysts,12.983086185869567
New Jersey,"  Substance abuse, behavioral disorder, and mental health counselors",11.685296929568286
New Mexico,  Nurse practitioners,40.632629723828806
New Mexico,  Medical and health services managers,21.290512490827503
New Mexico,  Data scientists,17.84473667792142
New Mexico,  Wind turbine service technicians,16.96257990553695
New Mexico,  Physician assistants,15.833579949346117
New Mexico,"  Substance abuse, behavioral disorder, and mental health counselors",14.454809435723952
New Mexico,  Medical equipment repairers,13.051797056719343
New Mexico,  Home health and personal care aides,12.3729252529496
New Mexico,  Logisticians,11.093399124763037
New Mexico,  Software developers,10.436827940944179
New York,  Wind turbine service technicians,30.4877947963695
New York,  Nurse practitioners,16.552434688438872
New York,  Data scientists,15.828962906883346
New York,  Medical and health services managers,15.574823535581196
New York,  Actuaries,13.771078208364449
New York,  Solar photovoltaic installers,13.068653621533977
New York,  Information security analysts,12.179135328347817
New York,  Physical therapist assistants,11.286591785260951
New York,  Home health and personal care aides,10.309378107045015
New York,  Occupational therapy assistants,9.461906271772902
North Carolina,  Data scientists,18.81471441780238
North Carolina,  Nurse practitioners,18.35477444488909
North Carolina,  Medical and health services managers,17.207177943486478
North Carolina,  Solar photovoltaic installers,14.031939714101066
North Carolina,  Information security analysts,13.870514335803138
North Carolina,  Physical therapist assistants,13.266670444751929
North Carolina,  Software developers,12.088707052698851
North Carolina,  Logisticians,11.47104580412942
North Carolina,"  Substance abuse, behavioral disorder, and mental health counselors",11.448622996615887
North Carolina,  Veterinary assistants and laboratory animal caretakers,10.531184969008565
North Dakota,  Nurse practitioners,26.96750256934973
North Dakota,  Data scientists,21.22481921921618
North Dakota,  Physician assistants,18.931117981727514
North Dakota,  Information security analysts,18.496436284015754
North Dakota,  Solar photovoltaic installers,17.66038347913867
North Dakota,  Actuaries,12.191954839881179
North Dakota,  Software developers,12.016996241345174
North Dakota,  Operations research analysts,11.699231701408907
North Dakota,"  Substance abuse, behavioral disorder, and mental health counselors",11.679706234442223
North Dakota,  Industrial machinery mechanics,10.639332842455158
Ohio,  Wind turbine service technicians,21.24590253932899
Ohio,  Nurse practitioners,19.459435399248477
Ohio,  Data scientists,18.996727093443738
Ohio,  Medical and health services managers,13.935086852317506
Ohio,  Home health and personal care aides,12.302579270667353
Ohio,  Computer and information research scientists,9.76187658987817
Ohio,  Occupational therapy assistants,9.073945063215584
Ohio,"  Cooks, restaurant",8.965025479295868
Ohio,  Industrial machinery mechanics,8.893165858871166
Ohio,  Software developers,8.86890101711751
Oklahoma,  Nurse practitioners,34.032424798101985
Oklahoma,  Solar photovoltaic installers,19.863882582112453
Oklahoma,  Data scientists,18.995604710141446
Oklahoma,  Wind turbine service technicians,16.668030993999825
Oklahoma,  Medical and health services managers,16.286300782991997
Oklahoma,  Operations research analysts,15.68137576179297
Oklahoma,"  Substance abuse, behavioral disorder, and mental health counselors",13.409194177156222
Oklahoma,  Physical therapist assistants,11.760064632619562
Oklahoma,  Veterinarians,11.665072579998599
Oklahoma,  Medical equipment repairers,10.431476561414163
Oregon,  Solar photovoltaic installers,26.224218438799127
Oregon,  Wind turbine service technicians,25.686531883739388
Oregon,  Nurse practitioners,24.362783952390927
Oregon,  Data scientists,19.204057442148837
Oregon,  Computer and information research scientists,14.526109668821482
Oregon,  Medical and health services managers,14.487235505318713
Oregon,  Software developers,13.620994971091482
Oregon,  Epidemiologists,12.566545731789219
Oregon,  Home health and personal care aides,11.871480509001927
Oregon,  Operations research analysts,11.523568108046598
Pennsylvania,  Nurse practitioners,24.17751192652601
Pennsylvania,  Data scientists,22.44957655890208
Pennsylvania,  Medical equipment repairers,13.00077528664722
Pennsylvania,  Home health and personal care aides,12.905911689152154
Pennsylvania,  Medical and health services managers,12.735143329088997
Pennsylvania,  Software developers,10.883255289077342
Pennsylvania,  Industrial machinery mechanics,10.733642295490014
Pennsylvania,  Solar photovoltaic installers,10.190236923336592
Pennsylvania,"  Substance abuse, behavioral disorder, and mental health counselors",9.93633421801517
Pennsylvania,  Computer and information systems managers,9.220725556570985
Rhode Island,  Nurse practitioners,28.033791161675435
Rhode Island,  Data scientists,23.202087915119325
Rhode Island,  Computer and information research scientists,17.546146764140534
Rhode Island,  Medical and health services managers,15.2884570011949
Rhode Island,  Wind turbine service technicians,14.321439444197173
Rhode Island,  Speech-language pathologists,10.86442232654809
Rhode Island,  Computer and information systems managers,10.05957376768644
Rhode Island,  Operations research analysts,9.212694779354422
Rhode Island,"  Substance abuse, behavioral disorder, and mental health counselors",8.899549523475587
Rhode Island,  Solar photovoltaic installers,8.528277335960533
South Carolina,  Wind turbine service technicians,30.463642311911098
South Carolina,  Nurse practitioners,24.517602586311284
South Carolina,  Data scientists,23.959286884291473
South Carolina,  Physician assistants,19.742052151616956
South Carolina,  Medical and health services managers,16.205063719138227
South Carolina,  Computer and information research scientists,15.699434641805802
South Carolina,  Information security analysts,14.837889488257
South Carolina,  Home health and personal care aides,14.076723605582993
South Carolina,  Solar photovoltaic installers,12.6183198088235
South Carolina,"  Nursing instructors and teachers, postsecondary",11.449852976045333
South Dakota,  Data scientists,24.827682718535826
South Dakota,  Nurse practitioners,22.70329606217483
South Dakota,  Medical and health services managers,22.03348621740578
South Dakota,  Solar photovoltaic installers,15.679929582858207
South Dakota,  Physical therapist assistants,14.9254791765035
South Dakota,  Information security analysts,13.460932629414257
South Dakota,  Computer and information research scientists,13.259292250464012
South Dakota,  Financial examiners,11.072896615859051
South Dakota,  Home health and personal care aides,10.821504911425455
South Dakota,  Software developers,10.055446414083994
