State,Profession,Avg_Score
Alabama,  Wind turbine service technicians,30.64692925312009
Alabama,  Nurse practitioners,29.03544880330988
Alabama,"  Substance abuse, behavioral disorder, and mental health counselors",17.92543866465707
Alabama,  Telephone operators,17.492301330936414
Alabama,  Operations research analysts,14.401462378153925
Alabama,  Actuaries,14.39189471493757
Alabama,"  Cooks, restaurant",13.790226154883689
Alabama,  Camera and photographic equipment repairers,12.649472071771669
Alabama,  Epidemiologists,12.410565020272378
Alabama,  Data scientists,12.243418094466088
Alaska,  Nurse practitioners,29.90132020202242
Alaska,  Data scientists,17.25430365990828
Alaska,  Wind turbine service technicians,16.03642205674869
Alaska,  Home health and personal care aides,15.218434716046886
Alaska,  Medical and health services managers,15.147136363300875
Alaska,  Computer and information systems managers,12.851411424964377
Alaska,  Industrial machinery mechanics,12.258177761920072
Alaska,  Software developers,11.718070962895782
Alaska,  Speech-language pathologists,11.563060147357824
Alaska,"  Cooks, restaurant",10.981049836959087
Arizona,  Wind turbine service technicians,39.03989610089512
Arizona,  Data scientists,22.871620112379855
Arizona,  Nurse practitioners,20.682679638907988
Arizona,  Information security analysts,13.910354699598798
Arizona,  Medical and health services managers,11.499649324468862
Arizona,  Industrial machinery mechanics,11.02130462585624
Arizona,  Physical therapist assistants,10.01014930197009
Arizona,  Software developers,8.823972185808884
Arizona,  Logisticians,8.584828384223245
Arizona,  Personal financial advisors,7.444616201034433
Arkansas,  Data scientists,20.395225880373548
Arkansas,  Nurse practitioners,19.675062122692108
Arkansas,  Home health and personal care aides,13.53810123688779
Arkansas,  Medical and health services managers,11.913973094630089
Arkansas,  Software developers,11.084643028539631
Arkansas,  Industrial machinery mechanics,9.127577724016847
Arkansas,  Order clerks,8.979301917845573
Arkansas,"  Cooks, restaurant",8.704642183981639
Arkansas,  Print binding and finishing workers,8.648533039114676
Arkansas,  Financial managers,8.378273555433896
California,  Nurse practitioners,25.430237175010188
California,  Medical and health services managers,15.51381347952937
California,  Data scientists,12.777357067105363
California,"  Drilling and boring machine tool setters, operators, and tenders, metal and plastic",11.147961305761227
California,  Manufactured building and mobile home installers,11.103485899698974
California,  Computer and information systems managers,8.706873590884209
California,  Home health and personal care aides,8.485627004227199
California,"  Health specialties teachers, postsecondary",7.659513960004573
California,  Software developers,6.782166229976574
California,  Timing device assemblers and adjusters,6.641277814575247
Colorado,  Nurse practitioners,18.365353585863193
Colorado,  Data scientists,14.004322224733775
Colorado,  Wind turbine service technicians,13.583888035063111
Colorado,  Foundry mold and coremakers,10.705970695657044
Colorado,  Data entry keyers,10.555779330459385
Colorado,"  Substance abuse, behavioral disorder, and mental health counselors",10.24278957273234
Colorado,"  Refractory materials repairers, except brickmasons",10.227966597575348
Colorado,  Medical and health services managers,9.157265958482654
Colorado,  Order clerks,8.628352907276222
Colorado,"  Model makers, metal and plastic",7.746848657260881
Connecticut,  Nurse practitioners,19.497360846769872
Connecticut,  Physician assistants,13.901567412218332
Connecticut,  Medical and health services managers,11.85212552623211
Connecticut,  Data scientists,11.839609191520422
Connecticut,  Manufactured building and mobile home installers,10.806758055034848
Connecticut,  Software developers,10.089022100253528
Connecticut,  Word processors and typists,9.978319316695263
Connecticut,"  Drilling and boring machine tool setters, operators, and tenders, metal and plastic",9.632801518334098
Connecticut,"  Forging machine setters, operators, and tenders, metal and plastic",8.946708967153228
Connecticut,"  Model makers, metal and plastic",7.671626449104277
Delaware,  Wind turbine service technicians,22.48888559163365
Delaware,  Data scientists,21.420639805358963
Delaware,  Medical and health services managers,18.894224181646795
Delaware,  Nurse practitioners,14.516730581954642
Delaware,  Solar photovoltaic installers,14.215401375712338
Delaware,  Home health and personal care aides,13.740590249701699
Delaware,"  Patternmakers, metal and plastic",11.955405376720078
Delaware,  Information security analysts,11.4797127999515
Delaware,  Computer and information systems managers,10.736921502646462
Delaware,  Veterinarians,10.227600930617111
District of Columbia,  Data scientists,14.03480861587862
District of Columbia,  Medical and health services managers,11.062439354912899
District of Columbia,  Data entry keyers,9.262961468489387
District of Columbia,  Actuaries,8.799979376066355
District of Columbia,  Nurse practitioners,8.543098722682993
District of Columbia,"  Substance abuse, behavioral disorder, and mental health counselors",8.466123479692463
District of Columbia,"  Roof bolters, mining",8.373526172284029
District of Columbia,  Software developers,7.861687162022929
District of Columbia,  Industrial machinery mechanics,7.790388171672899
District of Columbia,  Home health and personal care aides,7.1623474217299234
Florida,  Nurse practitioners,32.24786111026463
Florida,  Medical and health services managers,15.001117595836078
Florida,  Data scientists,14.501397711863746
Florida,"  Substance abuse, behavioral disorder, and mental health counselors",9.607105007464574
Florida,  Operations research analysts,8.076107481672544
Florida,  Computer and information systems managers,7.9885093022831155
Florida,  Medical equipment repairers,7.206159114696359
Florida,  Home health and personal care aides,7.121182947059455
Florida,  Industrial machinery mechanics,6.999736893314739
Florida,  Logisticians,6.50537360924734
Georgia,  Print binding and finishing workers,18.605378851544085
Georgia,  Nurse practitioners,18.53519958713262
Georgia,  Data scientists,16.50342034726818
Georgia,"  Substance abuse, behavioral disorder, and mental health counselors",14.211439468660808
Georgia,"  Roof bolters, mining",12.682070664730384
Georgia,  Data entry keyers,12.5183855499373
Georgia,  Medical and health services managers,11.912863257654612
Georgia,  Home health and personal care aides,9.755752218959346
Georgia,  Timing device assemblers and adjusters,8.975771932107122
Georgia,  Industrial machinery mechanics,7.155246339693893
Hawaii,  Nurse practitioners,25.1802133595988
Hawaii,  Word processors and typists,18.398873947512286
Hawaii,  Medical and health services managers,16.221659545621595
Hawaii,  Operations research analysts,11.946635177998138
Hawaii,  Home health and personal care aides,11.902843139420014
Hawaii,  Industrial machinery mechanics,10.649836317445189
Hawaii,  Occupational therapy assistants,10.32365333269692
Hawaii,  Data scientists,9.695433410873925
Hawaii,  Veterinary assistants and laboratory animal caretakers,8.58030384686404
Hawaii,"  Switchboard operators, including answering service",8.1095412072186
Idaho,  Data scientists,24.34873949488966
Idaho,"  Roof bolters, mining",19.835928381404106
Idaho,  Computer and information systems managers,12.886276796886643
Idaho,  Medical and health services managers,12.316251278982316
Idaho,  Print binding and finishing workers,9.914916440274395
Idaho,  Industrial machinery mechanics,9.473554697783534
Idaho,  Operations research analysts,9.272851347000326
Idaho,  Order clerks,8.56508390355913
Idaho,  Home health and personal care aides,8.538469649651544
Idaho,"  Substance abuse, behavioral disorder, and mental health counselors",6.701249468789679
Illinois,  Nurse practitioners,19.83278470573781
Illinois,  Wind turbine service technicians,19.510612659298236
Illinois,  Medical and health services managers,14.937060401284512
Illinois,  Data scientists,11.116365738004399
Illinois,"  Health specialties teachers, postsecondary",10.899618693739024
Illinois,"  Patternmakers, metal and plastic",10.808961161559047
Illinois,  Logisticians,9.521201273253299
Illinois,  Software developers,8.974446831748612
Illinois,  Actuaries,8.235621044367337
Illinois,"  Switchboard operators, including answering service",8.133989919132864
Indiana,  Nurse practitioners,22.821578079522585
Indiana,  Financial examiners,17.398368924968345
Indiana,  Medical and health services managers,14.43291667741403
Indiana,  Home health and personal care aides,13.208246214625353
Indiana,  Foundry mold and coremakers,12.700598331845647
Indiana,"  Roof bolters, mining",12.448101317351048
Indiana,  Data scientists,12.100168417045722
Indiana,  Industrial machinery mechanics,9.562033769812396
Indiana,  Physician assistants,9.559113950611623
Indiana,  Veterinary assistants and laboratory animal caretakers,9.54114075844791
Iowa,  Data scientists,14.620519318319495
Iowa,  Information security analysts,12.108299840725165
Iowa,  Occupational therapy assistants,11.631420337099163
Iowa,  Logisticians,11.38363965296233
Iowa,  Nurse practitioners,11.354644359153868
Iowa,  Computer and information systems managers,10.786728711223901
Iowa,  Medical and health services managers,10.760334204868869
Iowa,  Veterinarians,8.404116998236919
Iowa,  Physical therapist assistants,8.000796129784659
Iowa,  Foundry mold and coremakers,7.933528317028294
Kansas,  Data scientists,16.43774540760944
Kansas,  Medical and health services managers,15.038819326107179
Kansas,  Home health and personal care aides,12.222259011211838
Kansas,  Nurse practitioners,11.349768755358218
Kansas,  Industrial machinery mechanics,10.142203450968282
Kansas,  Actuaries,9.264443489534058
Kansas,  Veterinary technologists and technicians,8.400224854691379
Kansas,  Veterinarians,7.638669173424148
Kansas,  Timing device assemblers and adjusters,7.438740049597406
Kansas,"  Refractory materials repairers, except brickmasons",6.303822973354259
Kentucky,  Nurse practitioners,33.48484543436459
Kentucky,  Medical and health services managers,22.558523024413233
Kentucky,  Data scientists,15.96756078945828
Kentucky,  Software developers,14.943021929742244
Kentucky,  Home health and personal care aides,14.380269734863584
Kentucky,  Computer and information systems managers,11.529266358174793
Kentucky,  Physician assistants,11.104719910390372
Kentucky,  Actuaries,10.878425167142318
Kentucky,  Industrial machinery mechanics,10.164896449540242
Kentucky,  Massage therapists,9.400522293436557
Louisiana,  Nurse practitioners,28.998864675198888
Louisiana,  Data scientists,14.188237822948208
Louisiana,  Physical therapist assistants,12.316859845841458
Louisiana,  Data entry keyers,11.831970443819579
Louisiana,  Industrial machinery mechanics,11.412371584294894
Louisiana,  Software developers,11.139640413715526
Louisiana,  Computer and information systems managers,10.68746476771147
Louisiana,  Home health and personal care aides,10.237754808692223
Louisiana,"  Health specialties teachers, postsecondary",10.023167428843005
Louisiana,  Medical and health services managers,9.519357537789874
Maine,  Nurse practitioners,25.72551546366239
Maine,  Veterinary technologists and technicians,19.88215103136804
Maine,  Data entry keyers,15.449395598902868
Maine,  Medical and health services managers,15.347287881911527
Maine,  Data scientists,14.805713685746824
Maine,  Computer and information research scientists,13.353885819996577
Maine,  Financial examiners,13.096309084075955
Maine,  Wind turbine service technicians,12.47034145664725
Maine,  Home health and personal care aides,11.290790227587118
Maine,"  Office machine operators, except computer",11.228586698934622
Maryland,  Data scientists,25.85471957223724
Maryland,  Nurse practitioners,24.75639250846098
Maryland,  Wind turbine service technicians,23.92246441531714
Maryland,  Medical and health services managers,20.738750503502967
Maryland,  Occupational therapy assistants,17.676161995391038
Maryland,  Veterinarians,17.005624581881637
Maryland,  Home health and personal care aides,16.190685643088962
Maryland,  Computer and information research scientists,13.92035712102087
Maryland,  Telephone operators,12.380183808090685
Maryland,  Solar photovoltaic installers,9.780044425772767
Massachusetts,"  Roof bolters, mining",19.532030669484246
Massachusetts,  Data scientists,11.806887039178877
Massachusetts,  Home health and personal care aides,11.538325982575012
Massachusetts,"  Switchboard operators, including answering service",9.735336446887949
Massachusetts,  Nurse practitioners,9.655821255398228
Massachusetts,  Software developers,9.566544767046139
Massachusetts,  Information security analysts,8.019113600156905
Massachusetts,  Industrial machinery mechanics,7.8197243819769655
Massachusetts,  Medical and health services managers,7.267364201646664
Massachusetts,  Order clerks,6.712657997752289
Michigan,  Wind turbine service technicians,39.48777817249796
Michigan,  Nurse practitioners,29.216294137431372
Michigan,  Data scientists,17.564103794922445
Michigan,  Medical and health services managers,15.794168852815226
Michigan,  Solar photovoltaic installers,14.697904834243275
Michigan,  Actuaries,11.54782731963291
Michigan,  Computer and information research scientists,11.543887154429235
Michigan,"  Roof bolters, mining",10.661165081694573
Michigan,  Home health and personal care aides,10.390151280963424
Michigan,"  Substance abuse, behavioral disorder, and mental health counselors",9.569398274248295
Minnesota,"  Roof bolters, mining",16.18463870133179
Minnesota,  Data scientists,13.092743759283968
Minnesota,  Home health and personal care aides,11.79715063487057
Minnesota,  Nurse practitioners,10.54502834364259
Minnesota,  Actuaries,10.446417582103349
Minnesota,  Software developers,8.125147454624026
Minnesota,  Telemarketers,7.934687440305345
Minnesota,"  Substance abuse, behavioral disorder, and mental health counselors",7.184366226482005
Minnesota,  Computer and information research scientists,7.165177713358005
Minnesota,  New accounts clerks,6.879474581072633
Mississippi,  Nurse practitioners,22.892242669218817
Mississippi,  Medical and health services managers,13.52908492670393
Mississippi,  Data scientists,12.83449513435338
Mississippi,  Solar photovoltaic installers,10.965586436582663
Mississippi,  Psychiatric technicians,10.115971528257301
Mississippi,"  Substance abuse, behavioral disorder, and mental health counselors",10.007524861408383
Mississippi,  Industrial machinery mechanics,9.310751628916977
Mississippi,  Software developers,8.424320878205569
Mississippi,  Home health and personal care aides,8.15665058382544
Mississippi,  Foundry mold and coremakers,7.411727071708939
Missouri,  Data scientists,19.973522339193952
Missouri,  Information security analysts,18.5827311313103
Missouri,  Nurse practitioners,16.497344680065943
Missouri,  Medical and health services managers,11.242281660810571
Missouri,  Physician assistants,10.579489179967382
Missouri,"  Substance abuse, behavioral disorder, and mental health counselors",10.468048709563588
Missouri,  Home health and personal care aides,9.21866803707938
Missouri,"  Model makers, metal and plastic",8.528915889409081
Missouri,  Physical therapist assistants,8.207968845521352
Missouri,  Computer and information systems managers,8.01735255987379
Montana,  Medical and health services managers,21.641715164255345
Montana,  Nurse practitioners,20.618966392409167
Montana,  Data scientists,18.811042821684012
Montana,  Home health and personal care aides,14.048450414888388
Montana,  Information security analysts,13.929203584183204
Montana,"  Patternmakers, metal and plastic",11.9437970663962
Montana,  Veterinary technologists and technicians,10.818153362964296
Montana,"  Nursing instructors and teachers, postsecondary",10.78748717979336
Montana,  Software developers,10.391198268015684
Montana,  Computer and information systems managers,9.781809684199413
Nebraska,  Nurse practitioners,25.060806791624916
Nebraska,  Data scientists,16.11084397728888
Nebraska,  Solar photovoltaic installers,14.538493112220843
Nebraska,"  Drilling and boring machine tool setters, operators, and tenders, metal and plastic",14.252499886774197
Nebraska,  Wind turbine service technicians,13.079085723731874
Nebraska,"  Substance abuse, behavioral disorder, and mental health counselors",13.011506976697381
Nebraska,  Medical and health services managers,12.973024178152349
Nebraska,  Physical therapist assistants,11.403595184129093
Nebraska,  Home health and personal care aides,10.332857458288352
Nebraska,  Medical equipment repairers,9.608767619086478
Nevada,  Information security analysts,26.229181410460267
Nevada,  Nurse practitioners,22.446507396289462
Nevada,  Medical and health services managers,15.080628440347555
Nevada,  Financial examiners,13.433262520372077
Nevada,  Veterinary technologists and technicians,13.29517511563786
Nevada,  Software developers,13.252618761465518
Nevada,  Industrial machinery mechanics,12.80959525730009
Nevada,  Data scientists,12.737767639860953
Nevada,  Home health and personal care aides,11.918084994897434
Nevada,  Telemarketers,9.063343859704977
New Hampshire,  Nurse practitioners,29.1171557255367
New Hampshire,  Computer and information research scientists,18.588347381608184
New Hampshire,  Medical and health services managers,15.02164649590705
New Hampshire,  Data scientists,13.735441080526407
New Hampshire,  Physical therapist assistants,13.195458414001669
New Hampshire,  Information security analysts,11.304480838439703
New Hampshire,  Data entry keyers,10.656523365757714
New Hampshire,"  Cooks, restaurant",9.84229200520692
New Hampshire,  Word processors and typists,9.535319771787167
New Hampshire,  Occupational therapy assistants,9.10843890532672
New Jersey,  Wind turbine service technicians,32.80402980914169
New Jersey,  Nurse practitioners,25.581161230906087
New Jersey,  Epidemiologists,18.49782359708902
New Jersey,  Operations research analysts,18.31439701042214
New Jersey,  Data scientists,16.386207091807325
New Jersey,  Home health and personal care aides,13.77119275693052
New Jersey,  Medical and health services managers,12.585231339967164
New Jersey,  Actuaries,11.263809117382623
New Jersey,  Industrial machinery mechanics,9.664686149529592
New Jersey,  Computer and information systems managers,9.561267539972768
New Mexico,  Nurse practitioners,43.053697700901445
New Mexico,  Data scientists,22.091999350505205
New Mexico,  Medical and health services managers,19.401523106771055
New Mexico,  Physical therapist assistants,18.99176141841824
New Mexico,  Home health and personal care aides,13.95251202485558
New Mexico,"  Loading and moving machine operators, underground mining",13.253533910949542
New Mexico,  Software developers,11.779631301837243
New Mexico,  Financial examiners,10.276599461714088
New Mexico,  Industrial machinery mechanics,9.339391690683254
New Mexico,"  Health specialties teachers, postsecondary",8.699268250823161
New York,  Wind turbine service technicians,27.11646999399473
New York,  Nurse practitioners,20.67809162929812
New York,  Solar photovoltaic installers,17.420793749636843
New York,  Data scientists,14.240311997658031
New York,  Epidemiologists,12.921250741699163
New York,  Financial examiners,11.664364513010957
New York,  Computer and information systems managers,10.918849530730684
New York,  Medical assistants,10.804114138408417
New York,  Physician assistants,10.75296100231576
New York,  Medical and health services managers,10.532018213740196
North Carolina,  Nurse practitioners,28.334614796831605
North Carolina,  Wind turbine service technicians,24.244393198784593
North Carolina,  Data scientists,18.684552788933228
North Carolina,  Physical therapist assistants,16.425843758546822
North Carolina,  Home health and personal care aides,14.858406567633722
North Carolina,  Medical and health services managers,14.747632593353899
North Carolina,  Software developers,14.684006278967866
North Carolina,"  Drilling and boring machine tool setters, operators, and tenders, metal and plastic",12.704295978337493
North Carolina,  Computer and information research scientists,12.132485088688474
North Carolina,  Massage therapists,11.449590440222252
North Dakota,  Solar photovoltaic installers,45.50951003251296
North Dakota,  Nurse practitioners,19.91415216464024
North Dakota,  Data scientists,17.892153878830413
North Dakota,  Computer and information research scientists,14.525990282206044
North Dakota,  Manufactured building and mobile home installers,11.61180325793908
North Dakota,  Telephone operators,11.05135274239403
North Dakota,"  Substance abuse, behavioral disorder, and mental health counselors",10.756421345141574
North Dakota,  Camera and photographic equipment repairers,10.527953626774071
North Dakota,  Financial managers,9.84701336571032
North Dakota,  Medical and health services managers,9.459635481009338
Ohio,  Medical and health services managers,14.237545992915637
Ohio,  Computer and information research scientists,13.425559002877685
Ohio,  Data scientists,12.577315417377951
Ohio,"  Loading and moving machine operators, underground mining",11.48546174831238
Ohio,"  Refractory materials repairers, except brickmasons",10.70760352364629
Ohio,  Physician assistants,9.107305030575858
Ohio,  Nurse practitioners,9.095916864004867
Ohio,  Home health and personal care aides,8.066911873352096
Ohio,  Software developers,7.992378120029621
Ohio,  Financial examiners,7.427810921940387
Oklahoma,  Data scientists,20.414891537350325
Oklahoma,  Medical and health services managers,16.54884957327455
Oklahoma,  Nurse practitioners,15.39356751484678
Oklahoma,  Software developers,14.307968919037563
Oklahoma,"  Substance abuse, behavioral disorder, and mental health counselors",13.882815146265429
Oklahoma,  Massage therapists,12.231467509098692
Oklahoma,  Speech-language pathologists,8.918484591152406
Oklahoma,  Industrial machinery mechanics,8.794360997732063
Oklahoma,  Computer and information systems managers,8.694326289150814
Oklahoma,  Veterinarians,8.122841818583941
Oregon,  Wind turbine service technicians,42.80244556352502
Oregon,  Data scientists,18.701997388318514
Oregon,  Information security analysts,18.673885540335068
Oregon,  Medical and health services managers,15.862217266139742
Oregon,  Nurse practitioners,15.217232840102236
Oregon,  Veterinary technologists and technicians,15.02899158044463
Oregon,"  Substance abuse, behavioral disorder, and mental health counselors",14.380559711692223
Oregon,  Psychiatric technicians,12.74327307222615
Oregon,  Operations research analysts,12.033685105159476
Oregon,  Actuaries,11.250179647729519
Pennsylvania,  Nurse practitioners,23.13385360743464
Pennsylvania,  Medical and health services managers,18.146098831737397
Pennsylvania,  Data scientists,17.074917568766327
Pennsylvania,  Computer and information systems managers,15.006358245560628
Pennsylvania,  Wind turbine service technicians,12.781806655987324
Pennsylvania,  Industrial machinery mechanics,12.396514923839979
Pennsylvania,  Software developers,10.973584151273565
Pennsylvania,  Operations research analysts,9.932782803213657
Pennsylvania,  Physician assistants,9.832727129563542
Pennsylvania,  Data entry keyers,8.96243928778318
Rhode Island,  Physician assistants,19.076949333432
Rhode Island,  Data scientists,18.163132860720616
Rhode Island,  Medical and health services managers,17.612595101874575
Rhode Island,  Nurse practitioners,17.583594089504285
Rhode Island,  Timing device assemblers and adjusters,12.800945351148519
Rhode Island,  Home health and personal care aides,11.522726579862173
Rhode Island,"  Model makers, metal and plastic",9.661613939198018
Rhode Island,"  Substance abuse, behavioral disorder, and mental health counselors",9.605159234092739
Rhode Island,  Industrial machinery mechanics,7.796220683625929
Rhode Island,  Computer and information systems managers,6.849929194875153
South Carolina,  Nurse practitioners,24.60334178917127
South Carolina,  Solar photovoltaic installers,23.947910670286095
South Carolina,  Data scientists,20.6362787011214
South Carolina,  Medical and health services managers,16.56084914787508
South Carolina,  Massage therapists,13.452817371556577
South Carolina,  Wind turbine service technicians,13.31880076626265
South Carolina,"  Substance abuse, behavioral disorder, and mental health counselors",12.831418411462161
South Carolina,  Computer and information systems managers,10.66164184719297
South Carolina,  Computer and information research scientists,10.48399234364508
South Carolina,  Home health and personal care aides,9.44182339584031
South Dakota,  Nurse practitioners,25.72321959473477
South Dakota,  Data scientists,16.82714646476002
South Dakota,"  Nursing instructors and teachers, postsecondary",13.304920410948357
South Dakota,  Medical and health services managers,11.881447879498333
South Dakota,"  Substance abuse, behavioral disorder, and mental health counselors",10.202404374542125
South Dakota,  Software developers,9.981279185479266
South Dakota,  Physician assistants,9.617464245105836
South Dakota,  Logisticians,8.915926763558845
South Dakota,  Psychiatric technicians,8.82178225925852
South Dakota,  Speech-language pathologists,8.761905691782102
