State,Profession,Avg_Score
Alabama,  Nurse practitioners,31.335304190976686
Alabama,  Word processors and typists,23.009314977674805
Alabama,  Telephone operators,19.789497871239845
Alabama,  Data entry keyers,17.45917482392919
Alabama,  Medical and health services managers,17.39723178177232
Alabama,  Order clerks,16.017795271290744
Alabama,  Foundry mold and coremakers,15.921334720473588
Alabama,"  Door-to-door sales workers, news and street vendors, and related workers",15.87525092496181
Alabama,"  Office machine operators, except computer",15.652621528460408
Alabama,"  Roof bolters, mining",14.47232247284141
Alaska,"  Roof bolters, mining",57.420493853389125
Alaska,  Nurse practitioners,38.74692047876954
Alaska,  Prepress technicians and workers,31.99674975790659
Alaska,  Telemarketers,28.3971408712464
Alaska,  Data scientists,24.53127128803192
Alaska,"  Drilling and boring machine tool setters, operators, and tenders, metal and plastic",20.526047046522077
Alaska,  Payroll and timekeeping clerks,18.203441302668857
Alaska,  Medical and health services managers,17.952012398493146
Alaska,"  Aircraft structure, surfaces, rigging, and systems assemblers",15.865953685102182
Alaska,  Industrial machinery mechanics,15.753984378098595
Arizona,  Solar photovoltaic installers,34.61407129084848
Arizona,  Data entry keyers,30.05806950305428
Arizona,  Word processors and typists,20.267138027800584
Arizona,  Medical and health services managers,19.826845227914855
Arizona,  Data scientists,19.085903913992333
Arizona,"  Forging machine setters, operators, and tenders, metal and plastic",14.827640006154313
Arizona,"  Loading and moving machine operators, underground mining",14.495521342284515
Arizona,  Computer and information systems managers,12.753205174198483
Arizona,  Telemarketers,12.177344903442993
Arizona,  Physician assistants,11.899258670968061
Arkansas,  Wind turbine service technicians,58.737227152219184
Arkansas,  Veterinary technologists and technicians,18.156908945255715
Arkansas,"  Forging machine setters, operators, and tenders, metal and plastic",16.792772799666405
Arkansas,"  Aircraft structure, surfaces, rigging, and systems assemblers",16.22016287389888
Arkansas,  Payroll and timekeeping clerks,15.887599145348917
Arkansas,  Nurse practitioners,15.830235422192162
Arkansas,"  Substance abuse, behavioral disorder, and mental health counselors",13.681512285293937
Arkansas,  Data scientists,13.449537801260421
Arkansas,"  Model makers, metal and plastic",13.212143656888431
Arkansas,  Timing device assemblers and adjusters,12.365562531886683
California,  Word processors and typists,27.920678833491316
California,"  Switchboard operators, including answering service",25.11301501061483
California,"  Loading and moving machine operators, underground mining",20.27922733727284
California,"  Patternmakers, metal and plastic",17.51878783932575
California,"  Roof bolters, mining",17.267868748419712
California,  Order clerks,13.353970585940996
California,  Medical and health services managers,13.230664213740095
California,"  Door-to-door sales workers, news and street vendors, and related workers",12.844536256832985
California,"  Forging machine setters, operators, and tenders, metal and plastic",11.505711598500177
California,"  Drilling and boring machine tool setters, operators, and tenders, metal and plastic",10.486774052471073
Colorado,  Data entry keyers,26.703050751735432
Colorado,"  Roof bolters, mining",23.903121287730293
Colorado,"  Patternmakers, metal and plastic",21.338861906341837
Colorado,  Nurse practitioners,16.785722341118007
Colorado,"  Switchboard operators, including answering service",16.57558658510966
Colorado,  Print binding and finishing workers,14.637602617636096
Colorado,"  Cutters and trimmers, hand",13.820231346397788
Colorado,"  Door-to-door sales workers, news and street vendors, and related workers",12.899926074681899
Colorado,"  Grinding and polishing workers, hand",12.434795213020548
Colorado,"  Aircraft structure, surfaces, rigging, and systems assemblers",10.92837654690518
Connecticut,  Nurse practitioners,27.494088024754284
Connecticut,  Telemarketers,23.704865722310952
Connecticut,"  Patternmakers, metal and plastic",19.283885138743155
Connecticut,"  Switchboard operators, including answering service",17.188437650379086
Connecticut,  Prepress technicians and workers,16.294532908007568
Connecticut,"  Grinding and polishing workers, hand",12.896926406147042
Connecticut,  Data entry keyers,12.6821037100257
Connecticut,  File clerks,12.248620243401508
Connecticut,  Data scientists,12.01455884400654
Connecticut,  Medical and health services managers,10.308352412544606
Delaware,  Nurse practitioners,25.83838624944799
Delaware,"  Loading and moving machine operators, underground mining",21.334489741841836
Delaware,"  Patternmakers, metal and plastic",20.71996813459195
Delaware,  Medical and health services managers,12.13802097106806
Delaware,"  Aircraft structure, surfaces, rigging, and systems assemblers",11.504994177155105
Delaware,"  Substance abuse, behavioral disorder, and mental health counselors",10.911194850451038
Delaware,  Home health and personal care aides,10.524374893713036
Delaware,  Medical equipment repairers,10.182179231886963
Delaware,"  Grinding and polishing workers, hand",9.948470301187982
Delaware,  Speech-language pathologists,9.538852155616247
District of Columbia,"  Model makers, metal and plastic",19.431751009278734
District of Columbia,  Nurse practitioners,17.958697022630204
District of Columbia,  Medical and health services managers,17.34399555432364
District of Columbia,"  Aircraft structure, surfaces, rigging, and systems assemblers",17.264983321496924
District of Columbia,  Foundry mold and coremakers,12.99263219293961
District of Columbia,"  Roof bolters, mining",10.233956940840317
District of Columbia,  Home health and personal care aides,10.16127989638139
District of Columbia,  Engine and other machine assemblers,9.619802620723725
District of Columbia,  Data scientists,8.970890714718347
District of Columbia,  Telephone operators,7.9684981557319645
Florida,  Wind turbine service technicians,33.72717595726588
Florida,"  Patternmakers, metal and plastic",20.895872505938584
Florida,  Telephone operators,20.51251634245545
Florida,  Nurse practitioners,19.381659830737973
Florida,  Medical and health services managers,17.427952598513098
Florida,  Data scientists,16.588690302908045
Florida,  Timing device assemblers and adjusters,14.052201158798853
Florida,"  Substance abuse, behavioral disorder, and mental health counselors",13.35690722310153
Florida,  Veterinary assistants and laboratory animal caretakers,13.276463226528968
Florida,  Print binding and finishing workers,12.219751254099235
Georgia,"  Grinding and polishing workers, hand",27.897487212842524
Georgia,"  Roof bolters, mining",27.74133448644393
Georgia,  Nurse practitioners,25.1683000473958
Georgia,"  Substance abuse, behavioral disorder, and mental health counselors",17.292458422685083
Georgia,  Print binding and finishing workers,15.619510361026705
Georgia,"  Aircraft structure, surfaces, rigging, and systems assemblers",14.913889923634535
Georgia,  Medical and health services managers,14.38477378213936
Georgia,  Order clerks,13.71324258193936
Georgia,  Timing device assemblers and adjusters,13.685143106165729
Georgia,  Prepress technicians and workers,12.89259335088665
Hawaii,  Nurse practitioners,25.356093915127936
Hawaii,"  Switchboard operators, including answering service",18.803312183625206
Hawaii,  Foundry mold and coremakers,14.35439688226051
Hawaii,"  Grinding and polishing workers, hand",11.19373957704437
Hawaii,  Medical and health services managers,10.09589373131351
Hawaii,  Data scientists,9.959969531298476
Hawaii,  Industrial machinery mechanics,8.56513114172612
Hawaii,  File clerks,8.085124598549745
Hawaii,"  Nursing instructors and teachers, postsecondary",7.226155677744881
Hawaii,  Engine and other machine assemblers,6.677482862146299
Idaho,"  Roof bolters, mining",43.446079123065026
Idaho,  Telephone operators,34.81567826207702
Idaho,  Data entry keyers,28.658739014237874
Idaho,"  Loading and moving machine operators, underground mining",20.001605231111146
Idaho,  Prepress technicians and workers,17.72851779202712
Idaho,  Telemarketers,16.066586026559374
Idaho,  Software developers,12.620196960437555
Idaho,  Nurse practitioners,12.344560702079779
Idaho,"  Cutters and trimmers, hand",12.070204444506755
Idaho,  Print binding and finishing workers,11.522079292581692
Illinois,  Wind turbine service technicians,28.489384611774238
Illinois,"  Model makers, metal and plastic",25.241410481400912
Illinois,  Word processors and typists,19.999032005811173
Illinois,  Nurse practitioners,15.650149001651847
Illinois,  Engine and other machine assemblers,13.553050548051091
Illinois,  Information security analysts,13.186422531224029
Illinois,"  Aircraft structure, surfaces, rigging, and systems assemblers",11.594192769433448
Illinois,  Medical and health services managers,10.942495054699371
Illinois,  Order clerks,10.450419823303227
Illinois,  Prepress technicians and workers,10.335677557791866
Indiana,  Word processors and typists,32.44442761726015
Indiana,  Operations research analysts,18.45917723289944
Indiana,  Occupational therapy assistants,16.910968138011118
Indiana,"  Switchboard operators, including answering service",16.508858844638358
Indiana,  Foundry mold and coremakers,16.070036921516685
Indiana,  Home health and personal care aides,14.541098510535477
Indiana,  Data scientists,14.314796522665315
Indiana,  Nurse practitioners,13.025939556523438
Indiana,"  Patternmakers, metal and plastic",12.048038012356
Indiana,"  Refractory materials repairers, except brickmasons",11.641964598970764
Iowa,  Word processors and typists,31.618483704615628
Iowa,  Nurse practitioners,20.59269329668893
Iowa,  Print binding and finishing workers,14.341265593495917
Iowa,  Data scientists,13.884404084177406
Iowa,  Telemarketers,13.783967873323187
Iowa,"  Model makers, metal and plastic",12.899791452323914
Iowa,"  Patternmakers, metal and plastic",12.671338322975743
Iowa,"  Switchboard operators, including answering service",12.301143050460515
Iowa,  Medical and health services managers,11.913976000654566
Iowa,  Camera and photographic equipment repairers,10.8340057545641
Kansas,  Data scientists,19.47856894597191
Kansas,  Occupational therapy assistants,18.64246403789786
Kansas,  Data entry keyers,14.790263358204903
Kansas,  Solar photovoltaic installers,12.792941286261149
Kansas,  Medical and health services managers,12.499594675786145
Kansas,  New accounts clerks,11.629227301818041
Kansas,  Industrial machinery mechanics,9.511627597627552
Kansas,  Medical assistants,8.947413990889748
Kansas,  Information security analysts,8.9447441043638
Kansas,"  Drilling and boring machine tool setters, operators, and tenders, metal and plastic",8.789545115275395
Kentucky,  Nurse practitioners,18.912229613546973
Kentucky,  Data scientists,14.999569562247542
Kentucky,  Wind turbine service technicians,14.411384172833039
Kentucky,"  Grinding and polishing workers, hand",14.25303071882444
Kentucky,"  Loading and moving machine operators, underground mining",13.564327086249103
Kentucky,"  Switchboard operators, including answering service",12.736447263961134
Kentucky,"  Substance abuse, behavioral disorder, and mental health counselors",12.730109405155641
Kentucky,  Home health and personal care aides,12.286011899547056
Kentucky,  Medical and health services managers,11.895975233513667
Kentucky,  Operations research analysts,11.546928241771269
Louisiana,  Data scientists,26.68175824318067
Louisiana,"  Loading and moving machine operators, underground mining",23.889644299083884
Louisiana,  Nurse practitioners,20.467562849953424
Louisiana,  Medical and health services managers,18.639057186397867
Louisiana,  Manufactured building and mobile home installers,17.509018157189065
Louisiana,  File clerks,15.935394039918258
Louisiana,  Veterinarians,13.083086225471924
Louisiana,  Prepress technicians and workers,12.347667382912608
Louisiana,  Engine and other machine assemblers,11.781475492369768
Louisiana,"  Cutters and trimmers, hand",11.313135722446457
Maine,  Nurse practitioners,33.902734406432394
Maine,  Wind turbine service technicians,24.338467308582132
Maine,  Data scientists,23.898037674050197
Maine,  Word processors and typists,22.667687407311277
Maine,"  Model makers, metal and plastic",18.35701176747498
Maine,  Medical and health services managers,16.544396280226092
Maine,  Solar photovoltaic installers,14.080315944278864
Maine,"  Forging machine setters, operators, and tenders, metal and plastic",13.686020620712167
Maine,  Computer and information research scientists,10.683087815290433
Maine,"  Substance abuse, behavioral disorder, and mental health counselors",10.649277688953573
Maryland,  Nurse practitioners,24.550330581584223
Maryland,  Data scientists,21.255935567700885
Maryland,  Medical and health services managers,18.393674638757194
Maryland,  Financial managers,16.637823899708255
Maryland,  Foundry mold and coremakers,16.542303724490964
Maryland,  Actuaries,16.310503622856825
Maryland,  Speech-language pathologists,15.454468732148918
Maryland,"  Switchboard operators, including answering service",14.180302800805638
Maryland,  Manufactured building and mobile home installers,13.555494765322425
Maryland,  Physician assistants,11.636653434054146
Massachusetts,"  Roof bolters, mining",25.65165915678878
Massachusetts,"  Patternmakers, metal and plastic",17.661349091354246
Massachusetts,  Tellers,16.37951727545225
Massachusetts,  Nurse practitioners,14.763109473603713
Massachusetts,"  Loading and moving machine operators, underground mining",14.625578048375003
Massachusetts,  Word processors and typists,13.57045064280208
Massachusetts,  Data entry keyers,12.693722396510374
Massachusetts,  Engine and other machine assemblers,12.265362827354714
Massachusetts,  Timing device assemblers and adjusters,12.218719214108553
Massachusetts,  Industrial machinery mechanics,11.341407763445742
Michigan,  Data scientists,23.932298551959228
Michigan,  Nurse practitioners,16.203449395473243
Michigan,  Order clerks,13.156578943369142
Michigan,  Prepress technicians and workers,11.236834427793472
Michigan,  Software developers,11.235369674948865
Michigan,"  Health specialties teachers, postsecondary",10.9112200388604
Michigan,  Medical equipment repairers,9.72851378750711
Michigan,  Data entry keyers,9.087183946538797
Michigan,"  Substance abuse, behavioral disorder, and mental health counselors",8.861311138623641
Michigan,"  Door-to-door sales workers, news and street vendors, and related workers",8.049397407304154
Minnesota,"  Roof bolters, mining",20.444558619822974
Minnesota,  Telemarketers,18.80226030884474
Minnesota,  Nurse practitioners,17.289436493205287
Minnesota,  Medical and health services managers,17.18263057886016
Minnesota,  Telephone operators,16.028623116374174
Minnesota,  Data scientists,11.681518954140701
Minnesota,  Camera and photographic equipment repairers,10.149536741810728
Minnesota,  Manufactured building and mobile home installers,9.564390127570388
Minnesota,"  Drilling and boring machine tool setters, operators, and tenders, metal and plastic",8.919915195758861
Minnesota,"  Office machine operators, except computer",8.657045598911216
Mississippi,  Data scientists,21.22501873047351
Mississippi,  Industrial machinery mechanics,16.465900472481067
Mississippi,  Prepress technicians and workers,15.38113704559625
Mississippi,  Nurse practitioners,14.884292272219739
Mississippi,  Logisticians,14.127733700955586
Mississippi,  File clerks,13.477160966779786
Mississippi,  Computer and information research scientists,12.887407914710403
Mississippi,"  Aircraft structure, surfaces, rigging, and systems assemblers",10.716552704110974
Mississippi,  Software developers,10.188165469289936
Mississippi,"  Model makers, metal and plastic",9.739888664117185
Missouri,  Telemarketers,22.757703731631054
Missouri,  Data scientists,18.987667759880853
Missouri,  Foundry mold and coremakers,18.96976144287303
Missouri,  Nurse practitioners,18.379227752526695
Missouri,  Medical and health services managers,16.589002025192205
Missouri,"  Drilling and boring machine tool setters, operators, and tenders, metal and plastic",13.758731143308145
Missouri,  Telephone operators,13.533163570361713
Missouri,"  Patternmakers, metal and plastic",12.48838514086095
Missouri,  Home health and personal care aides,10.93968581734432
Missouri,"  Cutters and trimmers, hand",9.279330604807079
Montana,  Nurse practitioners,27.49335757981971
Montana,  Medical and health services managers,24.482448466127394
Montana,"  Loading and moving machine operators, underground mining",18.792331492307635
Montana,"  Patternmakers, metal and plastic",18.784063772550255
Montana,  Timing device assemblers and adjusters,18.08843824747442
Montana,  Camera and photographic equipment repairers,17.965669346408447
Montana,"  Grinding and polishing workers, hand",17.005234499709843
Montana,  New accounts clerks,16.269649919959523
Montana,  Data scientists,16.219523483986947
Montana,  Engine and other machine assemblers,16.0072472323908
Nebraska,  Nurse practitioners,24.383752509468263
Nebraska,"  Roof bolters, mining",23.063371465396884
Nebraska,  Word processors and typists,18.156148169261915
Nebraska,  Telemarketers,17.504202118305006
Nebraska,"  Aircraft structure, surfaces, rigging, and systems assemblers",17.316902109921347
Nebraska,  Medical and health services managers,16.317687864591672
Nebraska,  Data scientists,13.487290223268994
Nebraska,  Home health and personal care aides,13.062505564925038
Nebraska,"  Grinding and polishing workers, hand",12.830329713346828
Nebraska,  Massage therapists,10.554575527128232
Nevada,  Nurse practitioners,22.915807908480186
Nevada,  Data scientists,22.256700993203157
Nevada,  Print binding and finishing workers,20.413583191082658
Nevada,  Wind turbine service technicians,20.0066351861481
Nevada,"  Substance abuse, behavioral disorder, and mental health counselors",18.932636183445005
Nevada,  Foundry mold and coremakers,16.28337111084895
Nevada,"  Model makers, metal and plastic",15.916391553567097
Nevada,  Engine and other machine assemblers,15.773728486411118
Nevada,"  Forging machine setters, operators, and tenders, metal and plastic",15.686174071831125
Nevada,  Physician assistants,14.334703795124435
New Hampshire,  Word processors and typists,27.255072159120484
New Hampshire,"  Switchboard operators, including answering service",23.443657325552138
New Hampshire,  Nurse practitioners,21.90057230471634
New Hampshire,  Medical and health services managers,21.619657989481947
New Hampshire,  Telemarketers,18.252016252771234
New Hampshire,  Physician assistants,17.417800037736626
New Hampshire,  Wind turbine service technicians,15.288340193862009
New Hampshire,  Data entry keyers,14.80336667524903
New Hampshire,"  Cutters and trimmers, hand",14.348637797169921
New Hampshire,  Data scientists,14.320470270496916
New Jersey,  Nurse practitioners,22.936111130712224
New Jersey,  Physician assistants,17.81708415964177
New Jersey,  Data scientists,15.951472772090844
New Jersey,  Telephone operators,15.787106428209093
New Jersey,"  Patternmakers, metal and plastic",14.97566493834402
New Jersey,"  Aircraft structure, surfaces, rigging, and systems assemblers",14.660090591234296
New Jersey,"  Nursing instructors and teachers, postsecondary",12.379144747419339
New Jersey,"  Cutters and trimmers, hand",11.630635864859356
New Jersey,  Medical equipment repairers,10.619169428467162
New Jersey,  Veterinary technologists and technicians,10.13056226867294
New Mexico,  Word processors and typists,32.230871297282924
New Mexico,  Solar photovoltaic installers,29.972373165752646
New Mexico,  Information security analysts,23.678362932958645
New Mexico,"  Aircraft structure, surfaces, rigging, and systems assemblers",20.525526466546538
New Mexico,  Nurse practitioners,20.302378164532104
New Mexico,"  Cutters and trimmers, hand",19.840924095077902
New Mexico,  Tellers,15.102057933619022
New Mexico,  Engine and other machine assemblers,14.992757865595264
New Mexico,  Order clerks,14.266695217375492
New Mexico,"  Loading and moving machine operators, underground mining",14.22692539362123
New York,"  Roof bolters, mining",26.34961735180444
New York,  Nurse practitioners,17.709954521146045
New York,  Foundry mold and coremakers,17.580970116111757
New York,  Medical equipment repairers,12.520766795204848
New York,  Home health and personal care aides,12.128112467486373
New York,  Solar photovoltaic installers,11.557798279676378
New York,  Physical therapist assistants,10.870945298358285
New York,  Data scientists,10.791184705743653
New York,  Timing device assemblers and adjusters,10.598211854630094
New York,"  Cutters and trimmers, hand",10.559788152797726
North Carolina,  Nurse practitioners,24.57505622690327
North Carolina,  Data scientists,18.453249382736683
North Carolina,  Telephone operators,17.113664445742476
North Carolina,"  Switchboard operators, including answering service",16.159732120775505
North Carolina,  Data entry keyers,15.250153396859199
North Carolina,  Medical and health services managers,15.2427429143407
North Carolina,  Manufactured building and mobile home installers,14.900452002692681
North Carolina,"  Grinding and polishing workers, hand",14.594040649186695
North Carolina,  Word processors and typists,13.435955840375208
North Carolina,  Solar photovoltaic installers,10.541150365709306
North Dakota,  Nurse practitioners,33.7250348496043
North Dakota,  Medical and health services managers,22.70228112046992
North Dakota,  Data scientists,18.48275725961856
North Dakota,  Home health and personal care aides,15.657918659594749
North Dakota,"  Cutters and trimmers, hand",15.26706960857225
North Dakota,  New accounts clerks,14.451255376197459
North Dakota,"  Nursing instructors and teachers, postsecondary",13.425381645908509
North Dakota,"  Office machine operators, except computer",12.473659084152555
North Dakota,  Veterinary technologists and technicians,11.808614621373176
North Dakota,  Foundry mold and coremakers,11.773488225894821
Ohio,  Wind turbine service technicians,26.381700799542823
Ohio,  Data scientists,22.179080584624487
Ohio,"  Switchboard operators, including answering service",16.765748872158984
Ohio,  Telemarketers,15.47382802961822
Ohio,  Nurse practitioners,15.129841943639288
Ohio,"  Loading and moving machine operators, underground mining",14.198619849760142
Ohio,  Print binding and finishing workers,13.685223149060127
Ohio,"  Drilling and boring machine tool setters, operators, and tenders, metal and plastic",13.220828068424998
Ohio,  Data entry keyers,12.537701619843387
Ohio,"  Grinding and polishing workers, hand",12.304151198137344
Oklahoma,  Nurse practitioners,26.428206109584064
Oklahoma,  Physician assistants,24.43409987917612
Oklahoma,  Medical and health services managers,20.481919725989755
Oklahoma,"  Cutters and trimmers, hand",19.15430237706026
Oklahoma,  Word processors and typists,17.70858204923758
Oklahoma,"  Patternmakers, metal and plastic",17.57930244892667
Oklahoma,  Camera and photographic equipment repairers,16.9830263793218
Oklahoma,  Data scientists,14.699532763652579
Oklahoma,  Veterinary assistants and laboratory animal caretakers,13.909681926887338
Oklahoma,  Physical therapist assistants,13.276787660688433
Oregon,  Nurse practitioners,18.66099140881178
Oregon,  Home health and personal care aides,17.569754360881362
Oregon,  Occupational therapy assistants,17.26000901051738
Oregon,  Medical and health services managers,12.6466703288244
Oregon,"  Model makers, metal and plastic",11.10397177277787
Oregon,  Data scientists,10.3662223170029
Oregon,  Computer and information systems managers,9.702069249257468
Oregon,"  Forging machine setters, operators, and tenders, metal and plastic",9.274554498451497
Oregon,"  Switchboard operators, including answering service",9.08400813727995
Oregon,"  Substance abuse, behavioral disorder, and mental health counselors",8.708372891927521
Pennsylvania,"  Drilling and boring machine tool setters, operators, and tenders, metal and plastic",19.859510636212256
Pennsylvania,  Personal financial advisors,19.242371530308326
Pennsylvania,  Nurse practitioners,16.938194869188013
Pennsylvania,  Epidemiologists,14.806231722514038
Pennsylvania,  Word processors and typists,14.027869550836394
Pennsylvania,  Computer and information research scientists,12.822580069081566
Pennsylvania,  Financial managers,11.777614650826289
Pennsylvania,  Medical and health services managers,11.617669310679576
Pennsylvania,"  Patternmakers, metal and plastic",11.42901848606983
Pennsylvania,  Engine and other machine assemblers,10.680254705133004
Rhode Island,  Wind turbine service technicians,22.871128195823296
Rhode Island,  Nurse practitioners,18.014492366393387
Rhode Island,  Medical and health services managers,14.230049207823875
Rhode Island,"  Loading and moving machine operators, underground mining",14.07329280193586
Rhode Island,  Telephone operators,12.959216026835104
Rhode Island,"  Forging machine setters, operators, and tenders, metal and plastic",12.387673228929676
Rhode Island,"  Drilling and boring machine tool setters, operators, and tenders, metal and plastic",11.78287974889325
Rhode Island,  Home health and personal care aides,10.989103819529056
Rhode Island,  Data entry keyers,10.791917445782886
Rhode Island,"  Aircraft structure, surfaces, rigging, and systems assemblers",10.029921967363842
South Carolina,  Telemarketers,22.914024178967736
South Carolina,  Nurse practitioners,21.358175764405782
South Carolina,  Data scientists,20.3586833133606
South Carolina,"  Cutters and trimmers, hand",18.39989887213861
South Carolina,"  Switchboard operators, including answering service",15.709675446800766
South Carolina,"  Loading and moving machine operators, underground mining",15.019952082605613
South Carolina,  Home health and personal care aides,14.979962211118554
South Carolina,  Tellers,14.60544834021334
South Carolina,"  Patternmakers, metal and plastic",13.286879139790512
South Carolina,  Camera and photographic equipment repairers,13.107078962561339
South Dakota,  Data scientists,19.66081780827737
South Dakota,  Solar photovoltaic installers,17.7942734987769
South Dakota,"  Forging machine setters, operators, and tenders, metal and plastic",13.61250940785922
South Dakota,"  Roof bolters, mining",12.918551764329148
South Dakota,  Actuaries,12.811923414428675
South Dakota,  Medical and health services managers,12.741280188355365
South Dakota,"  Office machine operators, except computer",12.526132051165796
South Dakota,  Home health and personal care aides,12.250311691919892
South Dakota,"  Refractory materials repairers, except brickmasons",11.05305536819978
South Dakota,  Engine and other machine assemblers,9.16645751131136
