State,Profession,Avg_Score
Alabama,"  Loading and moving machine operators, underground mining",36.95361722480096
Alabama,  Word processors and typists,35.05070889591031
Alabama,  Nurse practitioners,27.014202848585327
Alabama,  Telephone operators,26.033327589647854
Alabama,  Data scientists,23.53048794364601
Alabama,  Medical and health services managers,20.02465355159403
Alabama,  Foundry mold and coremakers,19.931010478299054
Alabama,  Payroll and timekeeping clerks,19.205221397138953
Alabama,"  Roof bolters, mining",18.093279375137946
Alabama,  Software developers,17.507799576489305
Alaska,  Wind turbine service technicians,56.61050721546485
Alaska,"  Switchboard operators, including answering service",49.946548096019036
Alaska,  Word processors and typists,38.166242632770995
Alaska,"  Drilling and boring machine tool setters, operators, and tenders, metal and plastic",34.968264127051945
Alaska,  Data entry keyers,30.537593576814825
Alaska,  Order clerks,24.225669889936412
Alaska,"  Roof bolters, mining",23.819182050055343
Alaska,  Telemarketers,23.70308055423277
Alaska,  Tellers,22.372105714403887
Alaska,"  Refractory materials repairers, except brickmasons",22.251882632663584
Arizona,"  Aircraft structure, surfaces, rigging, and systems assemblers",25.81967536048832
Arizona,"  Cutters and trimmers, hand",25.674953303483946
Arizona,  Telephone operators,25.401253268587226
Arizona,"  Switchboard operators, including answering service",25.349850958571484
Arizona,  Print binding and finishing workers,23.267954715630662
Arizona,  Nurse practitioners,21.14886877141076
Arizona,  Home health and personal care aides,16.540932242845724
Arizona,"  Loading and moving machine operators, underground mining",14.779718151847455
Arizona,  Financial managers,11.653587514430724
Arizona,"  Patternmakers, metal and plastic",11.207360161847353
Arkansas,  Camera and photographic equipment repairers,24.795747224876532
Arkansas,  Engine and other machine assemblers,22.781839412385324
Arkansas,  Structural metal fabricators and fitters,21.948416815772035
Arkansas,  Telephone operators,21.197518381508385
Arkansas,"  Refractory materials repairers, except brickmasons",20.11076734009049
Arkansas,"  Cutters and trimmers, hand",18.396572194648254
Arkansas,"  Model makers, metal and plastic",18.217788851083803
Arkansas,"  Aircraft structure, surfaces, rigging, and systems assemblers",17.821889880938674
Arkansas,  Nurse practitioners,16.85531790935447
Arkansas,  Medical and health services managers,16.267309551084256
California,"  Roof bolters, mining",30.89048575873524
California,  Word processors and typists,28.088186259978272
California,"  Cutters and trimmers, hand",27.68550944848057
California,"  Drilling and boring machine tool setters, operators, and tenders, metal and plastic",26.69501089676093
California,  Print binding and finishing workers,25.017798345464314
California,  Nurse practitioners,22.717919921395875
California,"  Model makers, metal and plastic",22.639279659723698
California,"  Door-to-door sales workers, news and street vendors, and related workers",19.636952485755163
California,"  Forging machine setters, operators, and tenders, metal and plastic",15.385445768811472
California,  Foundry mold and coremakers,14.650361592347084
Colorado,  Telephone operators,32.310951172068485
Colorado,"  Roof bolters, mining",26.85664702133347
Colorado,  Print binding and finishing workers,25.821009199000446
Colorado,"  Model makers, metal and plastic",24.342871647748016
Colorado,  Medical and health services managers,23.05491198606897
Colorado,  New accounts clerks,21.5158602630264
Colorado,"  Switchboard operators, including answering service",20.834564169711047
Colorado,"  Drilling and boring machine tool setters, operators, and tenders, metal and plastic",20.045781513691228
Colorado,  Data entry keyers,18.28254093928267
Colorado,  Telemarketers,16.693441660184472
Connecticut,"  Switchboard operators, including answering service",23.54186587939071
Connecticut,"  Patternmakers, metal and plastic",22.319709153916737
Connecticut,"  Model makers, metal and plastic",21.705341466326104
Connecticut,"  Roof bolters, mining",20.906391726822804
Connecticut,"  Refractory materials repairers, except brickmasons",19.288152261440143
Connecticut,"  Aircraft structure, surfaces, rigging, and systems assemblers",17.598459388890365
Connecticut,  File clerks,16.64965636401205
Connecticut,"  Grinding and polishing workers, hand",15.94767126944457
Connecticut,  New accounts clerks,15.544724849421394
Connecticut,  Engine and other machine assemblers,15.039474479824483
Delaware,  Word processors and typists,42.422826338664684
Delaware,  Foundry mold and coremakers,40.54654470691545
Delaware,"  Patternmakers, metal and plastic",26.74023788529787
Delaware,"  Roof bolters, mining",23.821094355591427
Delaware,  Data scientists,22.543057174081508
Delaware,  Telemarketers,21.60163564928963
Delaware,"  Grinding and polishing workers, hand",20.04306781248307
Delaware,  Manufactured building and mobile home installers,19.024359301491685
Delaware,  Print binding and finishing workers,17.90976906363217
Delaware,  Prepress technicians and workers,17.507674460618677
District of Columbia,  Wind turbine service technicians,20.405768348345436
District of Columbia,  Engine and other machine assemblers,18.82025169154667
District of Columbia,  Order clerks,18.570832600532086
District of Columbia,"  Switchboard operators, including answering service",16.39675322593389
District of Columbia,  Telephone operators,15.170904329314675
District of Columbia,  Nurse practitioners,13.013314250023873
District of Columbia,"  Door-to-door sales workers, news and street vendors, and related workers",12.784269099529476
District of Columbia,"  Refractory materials repairers, except brickmasons",12.426001854332975
District of Columbia,"  Aircraft structure, surfaces, rigging, and systems assemblers",12.001789050483604
District of Columbia,  Software developers,11.671529933377931
Florida,  Wind turbine service technicians,59.146362169001414
Florida,"  Roof bolters, mining",46.018953783414965
Florida,"  Patternmakers, metal and plastic",30.40465950628526
Florida,  Data entry keyers,30.209347626512777
Florida,  Nurse practitioners,27.464161846822435
Florida,  Word processors and typists,25.867668609145834
Florida,"  Model makers, metal and plastic",22.218008244629832
Florida,  Order clerks,18.65041354961951
Florida,"  Loading and moving machine operators, underground mining",17.446720647816306
Florida,  Telephone operators,16.045414570275675
Georgia,"  Patternmakers, metal and plastic",37.35532403029929
Georgia,  Manufactured building and mobile home installers,36.099849877020404
Georgia,"  Roof bolters, mining",35.68396145112996
Georgia,  Data entry keyers,31.718520276429192
Georgia,"  Refractory materials repairers, except brickmasons",30.5327333625133
Georgia,  Foundry mold and coremakers,30.337113742692537
Georgia,  Word processors and typists,29.42335969751473
Georgia,"  Cutters and trimmers, hand",26.775308739282437
Georgia,  Data scientists,26.474563332289616
Georgia,  File clerks,24.262795836506644
Hawaii,"  Patternmakers, metal and plastic",28.16630655547914
Hawaii,  Nurse practitioners,28.09256087206303
Hawaii,"  Switchboard operators, including answering service",27.03069681590002
Hawaii,  Foundry mold and coremakers,26.071361706520236
Hawaii,  Telephone operators,23.15388356043525
Hawaii,  Timing device assemblers and adjusters,19.370859836544764
Hawaii,  Word processors and typists,19.017506096938714
Hawaii,"  Aircraft structure, surfaces, rigging, and systems assemblers",14.630402747435825
Hawaii,"  Grinding and polishing workers, hand",14.587270464782401
Hawaii,  Manufactured building and mobile home installers,13.929136859143417
Idaho,  Foundry mold and coremakers,33.41954031677264
Idaho,"  Cutters and trimmers, hand",26.381495056138018
Idaho,  Nurse practitioners,24.748336309879203
Idaho,"  Patternmakers, metal and plastic",24.223022975162735
Idaho,  Timing device assemblers and adjusters,23.6437264599613
Idaho,  Data scientists,23.22934682403574
Idaho,"  Refractory materials repairers, except brickmasons",19.93848901484953
Idaho,  Data entry keyers,19.88467106588725
Idaho,  Financial managers,18.056074966203415
Idaho,  Prepress technicians and workers,17.50755925644
Illinois,  Actuaries,28.24239519191795
Illinois,  Word processors and typists,24.69505681953116
Illinois,"  Refractory materials repairers, except brickmasons",22.885216547382303
Illinois,  Data scientists,20.050623934459313
Illinois,"  Cutters and trimmers, hand",19.48142645418678
Illinois,  Manufactured building and mobile home installers,18.654897316319605
Illinois,  Payroll and timekeeping clerks,17.410311770882597
Illinois,  Camera and photographic equipment repairers,15.706321454076287
Illinois,  Medical and health services managers,14.886420232405873
Illinois,  Tellers,14.066764276129684
Indiana,  Foundry mold and coremakers,28.46537608659848
Indiana,  Telephone operators,28.382407883470268
Indiana,  Tellers,21.945846221487503
Indiana,  Print binding and finishing workers,21.5695838274108
Indiana,"  Roof bolters, mining",20.867528276362723
Indiana,  Prepress technicians and workers,20.65488167565329
Indiana,"  Drilling and boring machine tool setters, operators, and tenders, metal and plastic",19.63106116546702
Indiana,  Telemarketers,19.29092075415873
Indiana,"  Loading and moving machine operators, underground mining",18.80743469017111
Indiana,"  Model makers, metal and plastic",17.733096940314727
Iowa,  Telephone operators,28.699231278492714
Iowa,"  Roof bolters, mining",24.449492737428177
Iowa,"  Refractory materials repairers, except brickmasons",23.051910742387587
Iowa,  Payroll and timekeeping clerks,22.833983562809607
Iowa,"  Loading and moving machine operators, underground mining",22.596472100980247
Iowa,  New accounts clerks,22.238999716905013
Iowa,"  Cutters and trimmers, hand",22.08399732788729
Iowa,  Data entry keyers,20.866803069439438
Iowa,  Order clerks,20.520506881617273
Iowa,"  Patternmakers, metal and plastic",20.255849245951577
Kansas,"  Roof bolters, mining",55.411703845103425
Kansas,  Timing device assemblers and adjusters,30.560536280551172
Kansas,  Telephone operators,29.636035650284438
Kansas,"  Cutters and trimmers, hand",23.376715759218303
Kansas,  Print binding and finishing workers,19.98732142341225
Kansas,  Nurse practitioners,19.681152437411047
Kansas,"  Patternmakers, metal and plastic",19.28362333110129
Kansas,"  Drilling and boring machine tool setters, operators, and tenders, metal and plastic",18.46605002366608
Kansas,"  Switchboard operators, including answering service",17.263439075993766
Kansas,  File clerks,14.305648403616374
Kentucky,  Data scientists,38.03636672070555
Kentucky,"  Grinding and polishing workers, hand",35.021317380692864
Kentucky,  Data entry keyers,30.67269399783247
Kentucky,  Foundry mold and coremakers,25.80520525580153
Kentucky,  Camera and photographic equipment repairers,21.638419044871625
Kentucky,"  Forging machine setters, operators, and tenders, metal and plastic",20.272338088201295
Kentucky,  Telephone operators,19.30942021591208
Kentucky,  Physical therapist assistants,18.77675848513999
Kentucky,"  Substance abuse, behavioral disorder, and mental health counselors",18.259771356474644
Kentucky,  File clerks,17.543709734122032
Louisiana,"  Loading and moving machine operators, underground mining",50.03683092519947
Louisiana,  Data entry keyers,43.19010217668614
Louisiana,"  Patternmakers, metal and plastic",30.640058046684697
Louisiana,"  Roof bolters, mining",28.611277970611486
Louisiana,  Nurse practitioners,27.803503670320556
Louisiana,  Manufactured building and mobile home installers,23.595845793549202
Louisiana,  Print binding and finishing workers,23.280109580201753
Louisiana,"  Grinding and polishing workers, hand",22.551245582793637
Louisiana,  Order clerks,19.92993120621609
Louisiana,  Telemarketers,18.264418309416435
Maine,"  Patternmakers, metal and plastic",33.47131999150776
Maine,  Data entry keyers,24.336250708368905
Maine,  Medical and health services managers,20.922411316747283
Maine,  Data scientists,19.840463361897317
Maine,"  Aircraft structure, surfaces, rigging, and systems assemblers",18.164964474960104
Maine,  Nurse practitioners,18.110089334770233
Maine,  Personal financial advisors,17.944917108202137
Maine,  Timing device assemblers and adjusters,17.59678250988263
Maine,  Word processors and typists,17.374014965779633
Maine,  File clerks,15.157220126021011
Maryland,  Data scientists,26.022462790431955
Maryland,  Word processors and typists,24.803301981423942
Maryland,  Medical and health services managers,21.763935756601615
Maryland,  Veterinarians,19.53249843745966
Maryland,  Foundry mold and coremakers,18.104433305183154
Maryland,"  Door-to-door sales workers, news and street vendors, and related workers",17.20294191248654
Maryland,  Engine and other machine assemblers,16.621840886297733
Maryland,  Tellers,13.673447693857389
Maryland,  Physical therapist assistants,12.655421149997684
Maryland,"  Loading and moving machine operators, underground mining",10.293137711236142
Massachusetts,  Word processors and typists,34.70168910582669
Massachusetts,"  Patternmakers, metal and plastic",34.55869692988059
Massachusetts,  Telephone operators,28.711963249489354
Massachusetts,  Data entry keyers,27.521625395048535
Massachusetts,  File clerks,25.818463600692905
Massachusetts,"  Loading and moving machine operators, underground mining",25.08556921486566
Massachusetts,"  Cutters and trimmers, hand",21.30811178401815
Massachusetts,  Camera and photographic equipment repairers,20.71962582473181
Massachusetts,"  Grinding and polishing workers, hand",19.976314840915578
Massachusetts,  Epidemiologists,18.146043052448288
Michigan,  Word processors and typists,42.07474301031014
Michigan,  Solar photovoltaic installers,41.141791719276654
Michigan,"  Loading and moving machine operators, underground mining",31.336756594713055
Michigan,  Nurse practitioners,29.810211294720137
Michigan,  Prepress technicians and workers,27.09987806059988
Michigan,  Data entry keyers,24.95760209925005
Michigan,"  Aircraft structure, surfaces, rigging, and systems assemblers",20.79024927931222
Michigan,  Manufactured building and mobile home installers,20.59542711792717
Michigan,"  Roof bolters, mining",20.33696580171797
Michigan,  Print binding and finishing workers,20.099877328312047
Minnesota,  Word processors and typists,32.738370775972705
Minnesota,"  Roof bolters, mining",31.804994219530105
Minnesota,  Wind turbine service technicians,30.780821041258672
Minnesota,  Order clerks,25.478961811813065
Minnesota,  File clerks,24.818500507095916
Minnesota,  Print binding and finishing workers,24.261742143127815
Minnesota,  Telephone operators,22.00527621725658
Minnesota,"  Drilling and boring machine tool setters, operators, and tenders, metal and plastic",21.05381832928083
Minnesota,  Timing device assemblers and adjusters,21.017076841851644
Minnesota,  Foundry mold and coremakers,19.709760669746412
Mississippi,  Telemarketers,31.832175348796586
Mississippi,  Engine and other machine assemblers,30.50113107136593
Mississippi,"  Loading and moving machine operators, underground mining",27.61430908035952
Mississippi,"  Patternmakers, metal and plastic",24.99560092315798
Mississippi,"  Switchboard operators, including answering service",22.446816318279414
Mississippi,  Nurse practitioners,22.118787775603582
Mississippi,  Medical and health services managers,21.404527792443
Mississippi,  Camera and photographic equipment repairers,20.560973330699422
Mississippi,  Payroll and timekeeping clerks,19.008592566581793
Mississippi,  Data entry keyers,17.660458452998594
Missouri,  Word processors and typists,27.97219713037936
Missouri,"  Patternmakers, metal and plastic",22.970038359532328
Missouri,  Tellers,19.212093998535266
Missouri,  Data entry keyers,18.435010458850652
Missouri,  Structural metal fabricators and fitters,18.133387219746712
Missouri,"  Model makers, metal and plastic",17.564018843123772
Missouri,  Camera and photographic equipment repairers,17.2564079919561
Missouri,"  Cutters and trimmers, hand",17.039931485005976
Missouri,"  Grinding and polishing workers, hand",16.906041304338444
Missouri,"  Forging machine setters, operators, and tenders, metal and plastic",16.531592578215676
Montana,"  Roof bolters, mining",57.879377975953865
Montana,  Data entry keyers,47.11376751581553
Montana,  Data scientists,29.9036858132296
Montana,"  Patternmakers, metal and plastic",27.65046832870532
Montana,  Foundry mold and coremakers,23.52415098980067
Montana,  Prepress technicians and workers,22.420140035618832
Montana,  Camera and photographic equipment repairers,21.297484797385838
Montana,"  Forging machine setters, operators, and tenders, metal and plastic",18.46554894206733
Montana,"  Drilling and boring machine tool setters, operators, and tenders, metal and plastic",18.216716781733158
Montana,  Manufactured building and mobile home installers,16.00170544143766
Nebraska,"  Roof bolters, mining",31.665742590138695
Nebraska,  Camera and photographic equipment repairers,26.962267608132283
Nebraska,  Telephone operators,26.284956843831395
Nebraska,  Manufactured building and mobile home installers,23.447090759968628
Nebraska,  Foundry mold and coremakers,22.093002902678176
Nebraska,  Data scientists,20.949342905590868
Nebraska,"  Cutters and trimmers, hand",20.88232295611499
Nebraska,  Veterinary assistants and laboratory animal caretakers,20.810563773686074
Nebraska,  Order clerks,20.63042503272273
Nebraska,  Tellers,18.862835730071428
Nevada,"  Roof bolters, mining",44.342847014032515
Nevada,  Word processors and typists,32.12258025167207
Nevada,  Nurse practitioners,27.521726477974592
Nevada,  Medical and health services managers,26.572245700192966
Nevada,  Manufactured building and mobile home installers,24.8889934133685
Nevada,  Data scientists,24.29173629828148
Nevada,  Telephone operators,24.017873338331942
Nevada,  Engine and other machine assemblers,21.835102476686718
Nevada,  Solar photovoltaic installers,18.17609619009658
Nevada,"  Forging machine setters, operators, and tenders, metal and plastic",16.682435633118008
New Hampshire,  Foundry mold and coremakers,30.653132500928056
New Hampshire,  Telemarketers,28.393163962489652
New Hampshire,"  Grinding and polishing workers, hand",24.969384864992062
New Hampshire,"  Loading and moving machine operators, underground mining",24.77365597670256
New Hampshire,  Nurse practitioners,23.096479750736364
New Hampshire,"  Model makers, metal and plastic",22.78342434743386
New Hampshire,  Prepress technicians and workers,22.532997354985486
New Hampshire,  Payroll and timekeeping clerks,21.53946836515512
New Hampshire,"  Forging machine setters, operators, and tenders, metal and plastic",20.18627772075421
New Hampshire,  Tellers,16.381291164335256
New Jersey,  Telephone operators,26.715308880621933
New Jersey,  Foundry mold and coremakers,22.30822567476581
New Jersey,  Information security analysts,22.04392575778886
New Jersey,  Print binding and finishing workers,20.089233689756735
New Jersey,  Data scientists,17.29686454145397
New Jersey,  Medical and health services managers,16.80640403053123
New Jersey,  Nurse practitioners,16.79731005157932
New Jersey,"  Roof bolters, mining",15.192670839514927
New Jersey,"  Patternmakers, metal and plastic",14.476119794913666
New Jersey,  Prepress technicians and workers,14.23324929195149
New Mexico,  Engine and other machine assemblers,29.18193576807302
New Mexico,"  Grinding and polishing workers, hand",26.669323320610598
New Mexico,  Nurse practitioners,22.725204415590195
New Mexico,"  Drilling and boring machine tool setters, operators, and tenders, metal and plastic",21.58249899321271
New Mexico,  Payroll and timekeeping clerks,21.278400378477787
New Mexico,"  Model makers, metal and plastic",17.31794597609515
New Mexico,  Telephone operators,16.51074436682092
New Mexico,  Timing device assemblers and adjusters,15.738097257751894
New Mexico,"  Patternmakers, metal and plastic",15.55928756666944
New Mexico,  Telemarketers,15.262466030982774
New York,"  Cutters and trimmers, hand",17.634752753198295
New York,  Telephone operators,17.30209455600023
New York,"  Roof bolters, mining",16.226997299285614
New York,  Operations research analysts,16.220224630061708
New York,  Foundry mold and coremakers,15.696867371565185
New York,  Timing device assemblers and adjusters,15.163723570559887
New York,"  Aircraft structure, surfaces, rigging, and systems assemblers",14.603105757946812
New York,  Prepress technicians and workers,13.729287309121341
New York,"  Switchboard operators, including answering service",12.977749948481636
New York,  Nurse practitioners,12.689765755078795
North Carolina,"  Refractory materials repairers, except brickmasons",40.57002133478339
North Carolina,  Telemarketers,31.3964494061582
North Carolina,"  Loading and moving machine operators, underground mining",28.496190923907438
North Carolina,  Data scientists,25.98628516649482
North Carolina,  Nurse practitioners,25.450072871883474
North Carolina,  Prepress technicians and workers,24.374816620448993
North Carolina,"  Switchboard operators, including answering service",20.752898578232898
North Carolina,"  Grinding and polishing workers, hand",19.82317186616058
North Carolina,  New accounts clerks,15.35036469690357
North Carolina,"  Health specialties teachers, postsecondary",13.938038223950391
North Dakota,"  Patternmakers, metal and plastic",29.987088006395705
North Dakota,  Word processors and typists,28.47093309217891
North Dakota,  Foundry mold and coremakers,26.59396246924935
North Dakota,"  Loading and moving machine operators, underground mining",23.59919922231893
North Dakota,"  Roof bolters, mining",23.030770020261446
North Dakota,"  Forging machine setters, operators, and tenders, metal and plastic",20.89937044156679
North Dakota,  Camera and photographic equipment repairers,20.857190145441585
North Dakota,  Data entry keyers,18.248269446527484
North Dakota,  Data scientists,18.135045020621952
North Dakota,  Tellers,17.799415560990344
Ohio,  Telemarketers,32.75823688478186
Ohio,  Word processors and typists,26.243298032796606
Ohio,"  Model makers, metal and plastic",19.145659204127075
Ohio,  Nurse practitioners,17.662992860587398
Ohio,  Data entry keyers,14.607124472909804
Ohio,  Medical and health services managers,14.081141288381282
Ohio,  Telephone operators,13.078506676021192
Ohio,  Timing device assemblers and adjusters,13.036761253720988
Ohio,  Computer and information research scientists,11.841582980726727
Ohio,  File clerks,11.535984093252443
Oklahoma,  Wind turbine service technicians,46.21288845852924
Oklahoma,  Foundry mold and coremakers,44.75025576222881
Oklahoma,"  Roof bolters, mining",26.305571088059924
Oklahoma,  Order clerks,24.29799055515217
Oklahoma,  Medical and health services managers,20.106025789927877
Oklahoma,  Data scientists,19.53720479216869
Oklahoma,  Tellers,15.847031639141937
Oklahoma,  Data entry keyers,15.26088371334972
Oklahoma,  Engine and other machine assemblers,13.93172600373388
Oklahoma,  Physician assistants,12.193584197442762
Oregon,  Nurse practitioners,27.458925672141735
Oregon,  Word processors and typists,25.978925462618793
Oregon,  Veterinary assistants and laboratory animal caretakers,25.443297053052202
Oregon,  Payroll and timekeeping clerks,23.513020067807457
Oregon,"  Loading and moving machine operators, underground mining",22.203533072378093
Oregon,  Data entry keyers,21.031397037557223
Oregon,  Camera and photographic equipment repairers,19.967969495414362
Oregon,"  Model makers, metal and plastic",19.922772477243786
Oregon,  Speech-language pathologists,19.29717790511095
Oregon,  Medical and health services managers,15.921337471623884
Pennsylvania,"  Patternmakers, metal and plastic",28.456426754922134
Pennsylvania,  Prepress technicians and workers,25.70329551196892
Pennsylvania,  Print binding and finishing workers,17.811066176012762
Pennsylvania,  Telemarketers,16.35647745683664
Pennsylvania,  Medical and health services managers,16.279337875188507
Pennsylvania,"  Grinding and polishing workers, hand",15.300764807796343
Pennsylvania,"  Refractory materials repairers, except brickmasons",13.955403573533195
Pennsylvania,"  Loading and moving machine operators, underground mining",13.652961638331675
Pennsylvania,"  Forging machine setters, operators, and tenders, metal and plastic",13.628859568879383
Pennsylvania,  Industrial machinery mechanics,12.070797121799096
Rhode Island,  Word processors and typists,44.65510964952603
Rhode Island,  Nurse practitioners,38.03063992230808
Rhode Island,  Telephone operators,30.71602914188
Rhode Island,"  Roof bolters, mining",27.05488433040448
Rhode Island,"  Office machine operators, except computer",24.43239861559651
Rhode Island,  Telemarketers,23.4276099813332
Rhode Island,"  Patternmakers, metal and plastic",23.400619027054063
Rhode Island,  Order clerks,19.3878837830143
Rhode Island,  Tellers,18.806289615648172
Rhode Island,"  Switchboard operators, including answering service",17.843850517537103
South Carolina,  Telephone operators,37.170524669177645
South Carolina,"  Switchboard operators, including answering service",36.06819699469661
South Carolina,  Word processors and typists,33.21643960607568
South Carolina,"  Grinding and polishing workers, hand",25.45100692638458
South Carolina,"  Aircraft structure, surfaces, rigging, and systems assemblers",24.78510504076927
South Carolina,  Camera and photographic equipment repairers,19.918329764695354
South Carolina,  Prepress technicians and workers,19.75353845798089
South Carolina,"  Forging machine setters, operators, and tenders, metal and plastic",19.485723126925517
South Carolina,"  Drilling and boring machine tool setters, operators, and tenders, metal and plastic",18.294625211369702
South Carolina,  Medical and health services managers,18.198181117669513
South Dakota,  Word processors and typists,36.72229495718741
South Dakota,"  Aircraft structure, surfaces, rigging, and systems assemblers",23.22989057865813
South Dakota,  Nurse practitioners,18.83155586587788
South Dakota,  Home health and personal care aides,17.051311254905766
South Dakota,  Telemarketers,14.916477210149523
South Dakota,"  Office machine operators, except computer",12.718298135013354
South Dakota,  Engine and other machine assemblers,12.141182464258579
South Dakota,"  Drilling and boring machine tool setters, operators, and tenders, metal and plastic",11.184205628380099
South Dakota,  Print binding and finishing workers,10.37991425332034
South Dakota,"  Switchboard operators, including answering service",10.323823605742163
