State,Profession,Avg_Score
Alabama,"  Grinding and polishing workers, hand",42.642325587638055
Alabama,  Tellers,38.09473509585384
Alabama,"  Door-to-door sales workers, news and street vendors, and related workers",37.906842367826634
Alabama,  Word processors and typists,35.96441954627338
Alabama,  Foundry mold and coremakers,32.91778449467681
Alabama,  Telemarketers,31.23607743303972
Alabama,  Manufactured building and mobile home installers,30.938905115481365
Alabama,  Financial examiners,29.98740507155809
Alabama,  Timing device assemblers and adjusters,28.604387873839016
Alabama,  New accounts clerks,28.114549530745954
Alaska,  Foundry mold and coremakers,61.797808052291835
Alaska,  Telephone operators,60.32303944924412
Alaska,  Prepress technicians and workers,54.51187439326682
Alaska,"  Roof bolters, mining",41.54882987086766
Alaska,  Word processors and typists,40.104031879431766
Alaska,"  Forging machine setters, operators, and tenders, metal and plastic",39.68128082975861
Alaska,"  Refractory materials repairers, except brickmasons",37.4923296435481
Alaska,"  Loading and moving machine operators, underground mining",35.564394657700994
Alaska,  Manufactured building and mobile home installers,34.731155147455205
Alaska,  Timing device assemblers and adjusters,30.016748984559335
Arizona,  Telephone operators,31.632229439170995
Arizona,  Payroll and timekeeping clerks,30.44615773315373
Arizona,"  Drilling and boring machine tool setters, operators, and tenders, metal and plastic",28.505941876345773
Arizona,"  Aircraft structure, surfaces, rigging, and systems assemblers",27.355138222741523
Arizona,  Structural metal fabricators and fitters,23.201065133951527
Arizona,  Medical and health services managers,20.332926796844948
Arizona,  Nurse practitioners,18.254064821173223
Arizona,  Engine and other machine assemblers,17.975333048693496
Arizona,"  Switchboard operators, including answering service",17.432181984559268
Arizona,  Epidemiologists,17.23260924970149
Arkansas,"  Refractory materials repairers, except brickmasons",42.598182676005685
Arkansas,"  Cutters and trimmers, hand",35.851580185779675
Arkansas,  Telephone operators,32.82401263668767
Arkansas,"  Roof bolters, mining",32.53399243267443
Arkansas,  Foundry mold and coremakers,31.47952628732655
Arkansas,"  Switchboard operators, including answering service",30.45753555373665
Arkansas,  Data scientists,28.404462031567217
Arkansas,  Telemarketers,26.029768134194892
Arkansas,  Order clerks,22.96354277855402
Arkansas,  Nurse practitioners,22.152993068121066
California,  Word processors and typists,43.04794949495344
California,"  Cutters and trimmers, hand",38.29846611142126
California,  Order clerks,35.95622771220295
California,  Foundry mold and coremakers,35.06771167689148
California,"  Aircraft structure, surfaces, rigging, and systems assemblers",33.74500199422328
California,"  Roof bolters, mining",32.52433436051981
California,  Print binding and finishing workers,31.27546952000407
California,"  Switchboard operators, including answering service",30.505256552413094
California,  Payroll and timekeeping clerks,30.35022035495363
California,  Timing device assemblers and adjusters,29.257198207716204
Colorado,"  Roof bolters, mining",58.962432879431454
Colorado,"  Switchboard operators, including answering service",38.663609431377644
Colorado,"  Patternmakers, metal and plastic",37.73984065665236
Colorado,"  Loading and moving machine operators, underground mining",36.41338430212271
Colorado,  Structural metal fabricators and fitters,35.03197540831232
Colorado,  Foundry mold and coremakers,29.933058964607614
Colorado,  Prepress technicians and workers,27.864128676479076
Colorado,  Data entry keyers,25.383625193791318
Colorado,"  Office machine operators, except computer",24.514559510433497
Colorado,"  Door-to-door sales workers, news and street vendors, and related workers",23.986540150766995
Connecticut,"  Roof bolters, mining",47.571926126613036
Connecticut,"  Loading and moving machine operators, underground mining",34.06214717628777
Connecticut,"  Switchboard operators, including answering service",33.10164454489
Connecticut,  Nurse practitioners,32.73691640919714
Connecticut,  Telephone operators,32.490447849095084
Connecticut,"  Drilling and boring machine tool setters, operators, and tenders, metal and plastic",31.45737350206851
Connecticut,  Telemarketers,27.771141888684816
Connecticut,"  Grinding and polishing workers, hand",27.53651872010162
Connecticut,  Foundry mold and coremakers,25.55240506151167
Connecticut,"  Refractory materials repairers, except brickmasons",23.114154425020487
Delaware,  Word processors and typists,92.19517373490879
Delaware,  Prepress technicians and workers,40.572299628735145
Delaware,"  Switchboard operators, including answering service",35.46450181374732
Delaware,"  Refractory materials repairers, except brickmasons",34.53467563018624
Delaware,"  Aircraft structure, surfaces, rigging, and systems assemblers",30.819743952915694
Delaware,  Foundry mold and coremakers,25.90683571563055
Delaware,  Camera and photographic equipment repairers,22.37890990582539
Delaware,  Structural metal fabricators and fitters,21.01387068977176
Delaware,"  Cutters and trimmers, hand",19.008182668275303
Delaware,"  Patternmakers, metal and plastic",18.466504113146485
District of Columbia,  Foundry mold and coremakers,34.025803789675805
District of Columbia,  Camera and photographic equipment repairers,28.97336281447219
District of Columbia,"  Patternmakers, metal and plastic",23.988723391021484
District of Columbia,"  Cutters and trimmers, hand",22.93931093542875
District of Columbia,  Telemarketers,21.959559828037182
District of Columbia,"  Roof bolters, mining",21.79051115431835
District of Columbia,  Prepress technicians and workers,21.698853971721444
District of Columbia,"  Switchboard operators, including answering service",20.862608628739434
District of Columbia,"  Refractory materials repairers, except brickmasons",19.26971337337166
District of Columbia,"  Door-to-door sales workers, news and street vendors, and related workers",18.754692015588937
Florida,  Word processors and typists,33.44293673301588
Florida,"  Office machine operators, except computer",32.698059214209785
Florida,  Foundry mold and coremakers,31.32607856643339
Florida,  Telephone operators,31.272047154129663
Florida,  Actuaries,30.127728042795926
Florida,"  Forging machine setters, operators, and tenders, metal and plastic",28.326404490691324
Florida,"  Drilling and boring machine tool setters, operators, and tenders, metal and plastic",25.539739128741605
Florida,  Prepress technicians and workers,23.230553862549986
Florida,"  Grinding and polishing workers, hand",18.17852417991234
Florida,  Medical and health services managers,18.112853642353326
Georgia,"  Switchboard operators, including answering service",52.04291585136128
Georgia,  Word processors and typists,44.206405954396494
Georgia,  Prepress technicians and workers,44.15716574838252
Georgia,"  Door-to-door sales workers, news and street vendors, and related workers",39.955587625626045
Georgia,  Nurse practitioners,35.844009855489546
Georgia,"  Drilling and boring machine tool setters, operators, and tenders, metal and plastic",32.17225692346946
Georgia,  Data entry keyers,31.250039018465447
Georgia,  Manufactured building and mobile home installers,30.25810932384169
Georgia,  Telemarketers,28.337161061371862
Georgia,  Medical and health services managers,27.23833441262066
Hawaii,  Nurse practitioners,36.08670148194215
Hawaii,  Foundry mold and coremakers,26.932784479136316
Hawaii,  Telephone operators,23.36291221224045
Hawaii,  Word processors and typists,22.436833648207323
Hawaii,  Medical and health services managers,21.33914747443112
Hawaii,  Physician assistants,19.410499153325453
Hawaii,  Data entry keyers,18.67941717632505
Hawaii,  Tellers,18.39901956679732
Hawaii,  Engine and other machine assemblers,17.968686596163437
Hawaii,  New accounts clerks,17.816505896285474
Idaho,  Word processors and typists,54.321181473681555
Idaho,  Foundry mold and coremakers,42.837603489549224
Idaho,  Wind turbine service technicians,37.794466356695935
Idaho,  Payroll and timekeeping clerks,35.57043177802732
Idaho,  Telemarketers,33.803362088511335
Idaho,  Manufactured building and mobile home installers,26.869556567131404
Idaho,  Tellers,26.143285442902446
Idaho,  Print binding and finishing workers,25.25389797073736
Idaho,  Data scientists,25.022244648566133
Idaho,"  Switchboard operators, including answering service",24.86923840558682
Illinois,  Word processors and typists,49.05752075141051
Illinois,  Solar photovoltaic installers,34.863349115072815
Illinois,"  Forging machine setters, operators, and tenders, metal and plastic",31.96294820149103
Illinois,  Data entry keyers,31.040348108161577
Illinois,"  Loading and moving machine operators, underground mining",29.93632143955902
Illinois,  Manufactured building and mobile home installers,28.014083822601126
Illinois,  Tellers,27.88791353061122
Illinois,"  Office machine operators, except computer",26.5313851248102
Illinois,"  Cutters and trimmers, hand",26.36000727031727
Illinois,  Engine and other machine assemblers,25.99359072280989
Indiana,  Word processors and typists,46.64924477910712
Indiana,  Telephone operators,37.72188719226811
Indiana,  Payroll and timekeeping clerks,24.45783881008428
Indiana,"  Drilling and boring machine tool setters, operators, and tenders, metal and plastic",24.226629274660006
Indiana,"  Aircraft structure, surfaces, rigging, and systems assemblers",23.56757154503607
Indiana,  Foundry mold and coremakers,22.497690231751374
Indiana,  Engine and other machine assemblers,21.718410263430833
Indiana,"  Refractory materials repairers, except brickmasons",21.582296800604528
Indiana,  New accounts clerks,20.03898755137656
Indiana,  Logisticians,19.89748326922826
Iowa,  Word processors and typists,48.87179667530969
Iowa,  Telephone operators,48.17165790803426
Iowa,  Manufactured building and mobile home installers,34.08315466691707
Iowa,"  Drilling and boring machine tool setters, operators, and tenders, metal and plastic",30.45478931190309
Iowa,"  Cutters and trimmers, hand",28.881731817853538
Iowa,"  Roof bolters, mining",28.653612560056185
Iowa,  Data entry keyers,27.877242918749157
Iowa,  Timing device assemblers and adjusters,26.87343884246987
Iowa,  Print binding and finishing workers,23.991259318573686
Iowa,"  Aircraft structure, surfaces, rigging, and systems assemblers",23.594941278159858
Kansas,"  Patternmakers, metal and plastic",44.19923628911064
Kansas,"  Forging machine setters, operators, and tenders, metal and plastic",43.248507828591194
Kansas,  Word processors and typists,34.04192152741703
Kansas,"  Loading and moving machine operators, underground mining",32.382822450028776
Kansas,  Telephone operators,27.5276979937874
Kansas,  Foundry mold and coremakers,26.948229101443026
Kansas,  Telemarketers,25.9291756851175
Kansas,  Order clerks,24.741568251952312
Kansas,  Timing device assemblers and adjusters,20.512206602102196
Kansas,  Nurse practitioners,19.804158894281347
Kentucky,  Telemarketers,36.949921076318745
Kentucky,  Word processors and typists,36.050287469918835
Kentucky,"  Grinding and polishing workers, hand",29.648053244162156
Kentucky,  Engine and other machine assemblers,28.536021677046048
Kentucky,  Foundry mold and coremakers,25.270491113866157
Kentucky,"  Drilling and boring machine tool setters, operators, and tenders, metal and plastic",24.727210728634567
Kentucky,"  Aircraft structure, surfaces, rigging, and systems assemblers",24.17965178258162
Kentucky,  Prepress technicians and workers,21.59938259975441
Kentucky,"  Switchboard operators, including answering service",19.372430770968013
Kentucky,  Data scientists,18.9242085538149
Louisiana,  Prepress technicians and workers,50.61504040066604
Louisiana,  Engine and other machine assemblers,48.122759114306156
Louisiana,  Timing device assemblers and adjusters,47.27322204358864
Louisiana,"  Cutters and trimmers, hand",39.4886656368444
Louisiana,  Word processors and typists,38.20978072118111
Louisiana,  Data entry keyers,30.937283218774063
Louisiana,  Telemarketers,28.284054616329815
Louisiana,  Foundry mold and coremakers,27.564445011142254
Louisiana,"  Grinding and polishing workers, hand",25.983325814768527
Louisiana,  Order clerks,24.10518003367766
Maine,"  Aircraft structure, surfaces, rigging, and systems assemblers",33.68663712754521
Maine,  Foundry mold and coremakers,21.176504556987158
Maine,"  Drilling and boring machine tool setters, operators, and tenders, metal and plastic",20.957063677618944
Maine,  Medical and health services managers,20.754176005988256
Maine,"  Cutters and trimmers, hand",18.594286429313915
Maine,  Tellers,18.526232641044768
Maine,  Print binding and finishing workers,18.282699187786175
Maine,  Nurse practitioners,17.689327492687084
Maine,  Timing device assemblers and adjusters,14.224036311171783
Maine,"  Grinding and polishing workers, hand",13.577228876875175
Maryland,  Engine and other machine assemblers,55.38559953926803
Maryland,"  Cutters and trimmers, hand",46.07206190408101
Maryland,  Nurse practitioners,40.90884862347017
Maryland,  Data entry keyers,33.80460768218774
Maryland,  Financial examiners,33.22437477104201
Maryland,  Occupational therapy assistants,29.227130148227296
Maryland,  Tellers,28.278952217670515
Maryland,  Telemarketers,19.789424330448995
Maryland,  Epidemiologists,19.171540405308168
Maryland,  Telephone operators,18.833182505668955
Massachusetts,"  Door-to-door sales workers, news and street vendors, and related workers",40.64848435830215
Massachusetts,  Nurse practitioners,36.23517547086918
Massachusetts,  Manufactured building and mobile home installers,33.24978745886946
Massachusetts,"  Refractory materials repairers, except brickmasons",32.275632000540234
Massachusetts,  Word processors and typists,29.47745417164791
Massachusetts,"  Switchboard operators, including answering service",26.737119931183415
Massachusetts,  Telemarketers,21.09571772963054
Massachusetts,  Timing device assemblers and adjusters,20.96422120876554
Massachusetts,"  Grinding and polishing workers, hand",20.3854388574488
Massachusetts,  Structural metal fabricators and fitters,19.768270034070852
Michigan,  Data entry keyers,48.15246115006541
Michigan,"  Switchboard operators, including answering service",43.90316436053232
Michigan,  Telemarketers,29.122560082374616
Michigan,"  Patternmakers, metal and plastic",28.930751810068422
Michigan,"  Cutters and trimmers, hand",26.365342124436605
Michigan,  Timing device assemblers and adjusters,24.63268410403507
Michigan,"  Refractory materials repairers, except brickmasons",23.095741695555873
Michigan,  Camera and photographic equipment repairers,22.822518933503215
Michigan,  Structural metal fabricators and fitters,20.156812955217642
Michigan,  Foundry mold and coremakers,19.506316976219686
Minnesota,  Word processors and typists,88.86255203157548
Minnesota,  Engine and other machine assemblers,42.83415929917439
Minnesota,  Telephone operators,27.012929574130872
Minnesota,"  Refractory materials repairers, except brickmasons",25.90974998258503
Minnesota,"  Patternmakers, metal and plastic",24.923422234630248
Minnesota,"  Grinding and polishing workers, hand",23.851181049701392
Minnesota,  Payroll and timekeeping clerks,22.370320630305425
Minnesota,"  Model makers, metal and plastic",21.24054340044338
Minnesota,"  Forging machine setters, operators, and tenders, metal and plastic",20.960877891544914
Minnesota,  Timing device assemblers and adjusters,20.10542769452394
Mississippi,"  Patternmakers, metal and plastic",47.06597341159026
Mississippi,  Word processors and typists,47.002689152675735
Mississippi,  Foundry mold and coremakers,36.31710231711141
Mississippi,"  Loading and moving machine operators, underground mining",34.67070473552545
Mississippi,  Print binding and finishing workers,32.26407338296201
Mississippi,"  Model makers, metal and plastic",28.266443988516244
Mississippi,  Data scientists,27.229833283057225
Mississippi,"  Roof bolters, mining",26.1084413446185
Mississippi,"  Drilling and boring machine tool setters, operators, and tenders, metal and plastic",24.50832615151339
Mississippi,  File clerks,24.479214849902533
Missouri,"  Switchboard operators, including answering service",46.83151013130965
Missouri,  Telemarketers,37.717998464417846
Missouri,  Foundry mold and coremakers,36.63016956767331
Missouri,"  Loading and moving machine operators, underground mining",33.64545519297654
Missouri,"  Roof bolters, mining",31.161669741620145
Missouri,"  Drilling and boring machine tool setters, operators, and tenders, metal and plastic",27.201850232371644
Missouri,  New accounts clerks,26.79672656868455
Missouri,  Engine and other machine assemblers,26.755446879101036
Missouri,  Data entry keyers,25.97475909290572
Missouri,"  Grinding and polishing workers, hand",24.54924181712221
Montana,  Word processors and typists,76.50529341384906
Montana,  Telemarketers,53.657795585242006
Montana,  Order clerks,52.42150038950792
Montana,  Telephone operators,45.0389550360157
Montana,"  Patternmakers, metal and plastic",42.06796665140625
Montana,  File clerks,41.14238815435002
Montana,"  Loading and moving machine operators, underground mining",36.84907571788245
Montana,"  Door-to-door sales workers, news and street vendors, and related workers",28.546282581482828
Montana,"  Switchboard operators, including answering service",27.176595181871466
Montana,"  Forging machine setters, operators, and tenders, metal and plastic",26.623623716105573
Nebraska,  Data entry keyers,46.46038775116879
Nebraska,"  Patternmakers, metal and plastic",32.08522285261249
Nebraska,"  Roof bolters, mining",32.05925643751512
Nebraska,"  Cutters and trimmers, hand",26.461461615628778
Nebraska,  Camera and photographic equipment repairers,24.624461614190228
Nebraska,  Payroll and timekeeping clerks,24.499393499906212
Nebraska,"  Drilling and boring machine tool setters, operators, and tenders, metal and plastic",24.028281865109854
Nebraska,"  Loading and moving machine operators, underground mining",22.669389405563106
Nebraska,  Tellers,21.638786121761978
Nebraska,"  Forging machine setters, operators, and tenders, metal and plastic",19.995737393980246
Nevada,"  Roof bolters, mining",71.23396884272687
Nevada,  Foundry mold and coremakers,69.89184202173178
Nevada,  Manufactured building and mobile home installers,50.24393950667063
Nevada,"  Switchboard operators, including answering service",35.204390578954
Nevada,"  Refractory materials repairers, except brickmasons",34.0655108190996
Nevada,"  Aircraft structure, surfaces, rigging, and systems assemblers",30.31237532233747
Nevada,  Data entry keyers,29.81201371139465
Nevada,"  Door-to-door sales workers, news and street vendors, and related workers",29.633714130621424
Nevada,  New accounts clerks,29.57514612100403
Nevada,  Camera and photographic equipment repairers,29.454674369913082
New Hampshire,  Telemarketers,53.28182981853605
New Hampshire,"  Door-to-door sales workers, news and street vendors, and related workers",40.298874972067374
New Hampshire,  Word processors and typists,38.017325515310034
New Hampshire,"  Forging machine setters, operators, and tenders, metal and plastic",35.28815159547144
New Hampshire,"  Loading and moving machine operators, underground mining",33.86326653844444
New Hampshire,"  Roof bolters, mining",29.498061284957252
New Hampshire,  Order clerks,29.411742272299353
New Hampshire,"  Switchboard operators, including answering service",28.049829810288283
New Hampshire,  Foundry mold and coremakers,26.450947104497004
New Hampshire,"  Model makers, metal and plastic",26.241946995524415
New Jersey,  Telephone operators,37.82525584681575
New Jersey,  Data entry keyers,37.494470626146466
New Jersey,  Engine and other machine assemblers,32.20853224727323
New Jersey,  Nurse practitioners,27.62659581666088
New Jersey,"  Door-to-door sales workers, news and street vendors, and related workers",24.08438103092437
New Jersey,  Order clerks,17.211000933820756
New Jersey,"  Substance abuse, behavioral disorder, and mental health counselors",15.984417402061128
New Jersey,"  Forging machine setters, operators, and tenders, metal and plastic",15.928565234914835
New Jersey,  Tellers,14.015695543968553
New Jersey,"  Grinding and polishing workers, hand",13.7111151326165
New Mexico,"  Switchboard operators, including answering service",51.91172258705543
New Mexico,  Nurse practitioners,46.83623638500456
New Mexico,  Data scientists,35.226511335637
New Mexico,"  Patternmakers, metal and plastic",30.954018373544237
New Mexico,  Order clerks,28.62145612268462
New Mexico,  Camera and photographic equipment repairers,26.161122424550964
New Mexico,"  Cutters and trimmers, hand",25.015154433320518
New Mexico,"  Forging machine setters, operators, and tenders, metal and plastic",24.955015712208528
New Mexico,  Tellers,24.850688964145206
New Mexico,  Medical and health services managers,22.541164051903692
New York,  Word processors and typists,77.32942906494677
New York,"  Roof bolters, mining",26.12468579017724
New York,"  Switchboard operators, including answering service",24.783497406523217
New York,  File clerks,21.56014924178377
New York,  Nurse practitioners,21.264723331922685
New York,  Engine and other machine assemblers,21.191311807137325
New York,"  Drilling and boring machine tool setters, operators, and tenders, metal and plastic",19.44574814939841
New York,  Structural metal fabricators and fitters,18.56713124834469
New York,  Manufactured building and mobile home installers,17.207726331733785
New York,"  Forging machine setters, operators, and tenders, metal and plastic",14.06152307930305
North Carolina,"  Roof bolters, mining",38.524541043618214
North Carolina,  Data entry keyers,36.17893485866111
North Carolina,  Prepress technicians and workers,35.71096078857902
North Carolina,  Order clerks,33.62025825033233
North Carolina,  Nurse practitioners,31.948326183254576
North Carolina,"  Patternmakers, metal and plastic",29.12321091258713
North Carolina,  Manufactured building and mobile home installers,28.065417410550314
North Carolina,  Word processors and typists,25.166933484639333
North Carolina,"  Switchboard operators, including answering service",25.065262195171847
North Carolina,  Tellers,24.624866628063675
North Dakota,  Word processors and typists,58.402999192146545
North Dakota,"  Patternmakers, metal and plastic",35.56106393149171
North Dakota,  Nurse practitioners,35.15326035495711
North Dakota,  Foundry mold and coremakers,30.228960355007917
North Dakota,  Print binding and finishing workers,29.0588081914031
North Dakota,  Payroll and timekeeping clerks,27.191516683191935
North Dakota,"  Cutters and trimmers, hand",23.386258729105705
North Dakota,"  Roof bolters, mining",20.379164164087154
North Dakota,  Operations research analysts,19.391926568317253
North Dakota,  Data scientists,17.7138449043526
Ohio,  Word processors and typists,66.49882263047745
Ohio,"  Switchboard operators, including answering service",47.95993643543669
Ohio,  Telephone operators,41.229205313483696
Ohio,"  Roof bolters, mining",40.688133555287
Ohio,"  Cutters and trimmers, hand",33.70046452162819
Ohio,  Timing device assemblers and adjusters,30.543045011644594
Ohio,"  Drilling and boring machine tool setters, operators, and tenders, metal and plastic",29.499684815764503
Ohio,  Telemarketers,29.15813996855633
Ohio,"  Refractory materials repairers, except brickmasons",23.47815021818208
Ohio,  Information security analysts,23.419779024409056
Oklahoma,  Telemarketers,31.90901954478832
Oklahoma,  Telephone operators,30.275645758825494
Oklahoma,  Engine and other machine assemblers,27.46798515444826
Oklahoma,  File clerks,26.288987175243246
Oklahoma,"  Loading and moving machine operators, underground mining",23.105026310624783
Oklahoma,"  Drilling and boring machine tool setters, operators, and tenders, metal and plastic",19.954622740546323
Oklahoma,"  Grinding and polishing workers, hand",19.575981023484978
Oklahoma,"  Cutters and trimmers, hand",19.092248598965412
Oklahoma,  Payroll and timekeeping clerks,18.84036290012818
Oklahoma,  New accounts clerks,18.367031406724262
Oregon,  Word processors and typists,51.402820107802974
Oregon,"  Roof bolters, mining",40.296839255833895
Oregon,"  Door-to-door sales workers, news and street vendors, and related workers",28.250442382090267
Oregon,  Physician assistants,28.11906578798091
Oregon,"  Switchboard operators, including answering service",25.22074349601491
Oregon,  Nurse practitioners,23.844842777209806
Oregon,"  Patternmakers, metal and plastic",22.627952764838252
Oregon,"  Drilling and boring machine tool setters, operators, and tenders, metal and plastic",21.549279770374714
Oregon,  Payroll and timekeeping clerks,21.348668673482628
Oregon,  Telemarketers,20.818439374579135
Pennsylvania,"  Switchboard operators, including answering service",40.467722731755906
Pennsylvania,"  Patternmakers, metal and plastic",39.53488618314372
Pennsylvania,  Telemarketers,33.422273422961375
Pennsylvania,  Manufactured building and mobile home installers,33.26456486917079
Pennsylvania,  Engine and other machine assemblers,31.677598363699563
Pennsylvania,"  Roof bolters, mining",29.77950538929591
Pennsylvania,"  Aircraft structure, surfaces, rigging, and systems assemblers",29.23104105077921
Pennsylvania,  Order clerks,25.793551649691995
Pennsylvania,  Word processors and typists,25.212819421457265
Pennsylvania,  Structural metal fabricators and fitters,23.631796179659293
Rhode Island,"  Loading and moving machine operators, underground mining",51.315682733004216
Rhode Island,  Tellers,32.78674015174775
Rhode Island,  Word processors and typists,27.14805530053711
Rhode Island,  File clerks,24.46363317582835
Rhode Island,  Foundry mold and coremakers,22.92176483083955
Rhode Island,  Data entry keyers,20.913173471113524
Rhode Island,  Information security analysts,20.630083524257426
Rhode Island,  Camera and photographic equipment repairers,19.04525285786075
Rhode Island,  Payroll and timekeeping clerks,18.470666861434506
Rhode Island,  Manufactured building and mobile home installers,18.458633164475945
South Carolina,  Word processors and typists,43.37388539242092
South Carolina,  Manufactured building and mobile home installers,42.23022622250735
South Carolina,"  Cutters and trimmers, hand",37.635569972098715
South Carolina,  Data entry keyers,37.57590859873062
South Carolina,  Actuaries,30.700738026769532
South Carolina,"  Patternmakers, metal and plastic",28.391707601414755
South Carolina,  Order clerks,27.81209260933083
South Carolina,"  Model makers, metal and plastic",26.23189480423683
South Carolina,  Data scientists,25.538355814236205
South Carolina,"  Roof bolters, mining",22.86647606811642
South Dakota,  Word processors and typists,35.49689451177707
South Dakota,  Nurse practitioners,32.64889262938018
South Dakota,  Order clerks,27.846023628322982
South Dakota,"  Switchboard operators, including answering service",24.965099631105204
South Dakota,  Timing device assemblers and adjusters,22.079121361086838
South Dakota,  Data scientists,21.934630880390802
South Dakota,  Print binding and finishing workers,21.29638199095465
South Dakota,  Foundry mold and coremakers,20.72693707372081
South Dakota,"  Grinding and polishing workers, hand",20.57541829785823
South Dakota,"  Patternmakers, metal and plastic",16.513189888340847
